-- MySQL dump 10.13  Distrib 8.0.18, for Linux (x86_64)
--
-- Host: localhost    Database: vk
-- ------------------------------------------------------
-- Server version	8.0.18

/*!40101 SET @OLD_CHARACTER_SET_CLIENT=@@CHARACTER_SET_CLIENT */;
/*!40101 SET @OLD_CHARACTER_SET_RESULTS=@@CHARACTER_SET_RESULTS */;
/*!40101 SET @OLD_COLLATION_CONNECTION=@@COLLATION_CONNECTION */;
/*!50503 SET NAMES utf8mb4 */;
/*!40103 SET @OLD_TIME_ZONE=@@TIME_ZONE */;
/*!40103 SET TIME_ZONE='+00:00' */;
/*!40014 SET @OLD_UNIQUE_CHECKS=@@UNIQUE_CHECKS, UNIQUE_CHECKS=0 */;
/*!40014 SET @OLD_FOREIGN_KEY_CHECKS=@@FOREIGN_KEY_CHECKS, FOREIGN_KEY_CHECKS=0 */;
/*!40101 SET @OLD_SQL_MODE=@@SQL_MODE, SQL_MODE='NO_AUTO_VALUE_ON_ZERO' */;
/*!40111 SET @OLD_SQL_NOTES=@@SQL_NOTES, SQL_NOTES=0 */;

--
-- Table structure for table `communities`
--

DROP TABLE IF EXISTS `communities`;
/*!40101 SET @saved_cs_client     = @@character_set_client */;
/*!50503 SET character_set_client = utf8mb4 */;
CREATE TABLE `communities` (
  `id` int(10) unsigned NOT NULL AUTO_INCREMENT,
  `name` varchar(150) CHARACTER SET utf8 COLLATE utf8_unicode_ci NOT NULL,
  PRIMARY KEY (`id`),
  UNIQUE KEY `name` (`name`)
) ENGINE=InnoDB AUTO_INCREMENT=101 DEFAULT CHARSET=utf8 COLLATE=utf8_unicode_ci;
/*!40101 SET character_set_client = @saved_cs_client */;

--
-- Dumping data for table `communities`
--

LOCK TABLES `communities` WRITE;
/*!40000 ALTER TABLE `communities` DISABLE KEYS */;
INSERT INTO `communities` VALUES (1,'asperiores'),(2,'consectetur'),(6,'debitis'),(3,'eveniet'),(4,'magnam'),(7,'minima'),(9,'nam'),(5,'quia'),(10,'repellendus'),(8,'voluptatibus');
/*!40000 ALTER TABLE `communities` ENABLE KEYS */;
UNLOCK TABLES;

--
-- Table structure for table `communities_users`
--

DROP TABLE IF EXISTS `communities_users`;
/*!40101 SET @saved_cs_client     = @@character_set_client */;
/*!50503 SET character_set_client = utf8mb4 */;
CREATE TABLE `communities_users` (
  `community_id` int(10) unsigned NOT NULL,
  `user_id` int(10) unsigned NOT NULL,
  PRIMARY KEY (`community_id`,`user_id`)
) ENGINE=InnoDB DEFAULT CHARSET=utf8 COLLATE=utf8_unicode_ci;
/*!40101 SET character_set_client = @saved_cs_client */;

--
-- Dumping data for table `communities_users`
--

LOCK TABLES `communities_users` WRITE;
/*!40000 ALTER TABLE `communities_users` DISABLE KEYS */;
INSERT INTO `communities_users` VALUES (1,1),(1,15),(1,19),(1,35),(1,57),(1,65),(1,89),(1,91),(1,136),(1,138),(1,145),(1,151),(1,189),(1,190),(1,198),(2,88),(2,99),(2,124),(2,136),(2,138),(2,139),(2,146),(2,161),(2,167),(3,37),(3,75),(3,109),(3,178),(3,186),(4,51),(4,123),(4,139),(4,142),(4,145),(4,150),(4,153),(4,159),(4,182),(4,183),(4,187),(5,4),(5,23),(5,52),(5,58),(5,59),(5,88),(5,92),(5,94),(5,132),(6,5),(6,29),(6,58),(6,62),(6,70),(6,77),(6,89),(6,91),(6,92),(6,109),(6,115),(6,149),(6,183),(6,196),(7,13),(7,15),(7,18),(7,26),(7,32),(7,79),(7,106),(7,126),(7,174),(7,189),(7,194),(8,12),(8,63),(8,80),(8,83),(8,146),(8,154),(8,157),(8,188),(9,16),(9,24),(9,29),(9,33),(9,90),(9,117),(9,127),(9,164),(9,171),(9,188),(10,52),(10,83),(10,107),(10,127),(10,129),(10,135),(10,176),(10,191);
/*!40000 ALTER TABLE `communities_users` ENABLE KEYS */;
UNLOCK TABLES;

--
-- Table structure for table `friendship`
--

DROP TABLE IF EXISTS `friendship`;
/*!40101 SET @saved_cs_client     = @@character_set_client */;
/*!50503 SET character_set_client = utf8mb4 */;
CREATE TABLE `friendship` (
  `user_id` int(10) unsigned NOT NULL,
  `friend_id` int(10) unsigned NOT NULL,
  `status_id` int(10) unsigned NOT NULL,
  `requested_at` datetime DEFAULT CURRENT_TIMESTAMP,
  `confirmed_at` datetime DEFAULT NULL,
  PRIMARY KEY (`user_id`,`friend_id`)
) ENGINE=InnoDB DEFAULT CHARSET=utf8 COLLATE=utf8_unicode_ci;
/*!40101 SET character_set_client = @saved_cs_client */;

--
-- Dumping data for table `friendship`
--

LOCK TABLES `friendship` WRITE;
/*!40000 ALTER TABLE `friendship` DISABLE KEYS */;
INSERT INTO `friendship` VALUES (1,165,1,'2012-02-10 01:39:50','1981-05-19 09:27:17'),(4,119,2,'1999-02-18 20:02:57','2018-07-02 08:56:55'),(4,146,2,'2008-03-19 07:23:02','1990-02-25 23:11:26'),(4,149,1,'2002-03-21 14:36:16','1981-09-23 05:44:58'),(7,34,1,'1977-04-07 19:31:51','2004-04-11 22:43:50'),(7,111,2,'2015-11-03 20:11:36','1987-04-30 12:53:17'),(8,163,1,'2004-07-21 11:29:54','1978-06-24 16:55:39'),(8,188,2,'2015-08-26 12:20:34','2013-04-28 03:21:36'),(9,138,2,'1982-07-10 00:56:32','2003-03-01 19:52:18'),(9,171,2,'2008-08-08 05:58:19','2016-03-09 03:55:01'),(13,4,2,'1990-09-12 03:04:23','1971-06-12 03:09:08'),(14,104,1,'2008-04-11 08:11:43','1979-07-26 01:47:30'),(14,192,1,'2019-06-09 13:07:32','2010-02-02 06:12:33'),(15,146,2,'2015-10-31 18:36:28','1974-07-20 21:53:25'),(16,116,2,'1970-06-03 05:35:19','1983-09-08 23:59:50'),(17,77,2,'1983-02-06 03:31:20','1970-05-29 01:37:50'),(19,73,2,'2015-11-29 01:36:45','1975-08-10 11:29:25'),(20,36,2,'1983-11-12 16:59:34','1978-06-12 02:09:12'),(20,136,1,'2005-09-06 12:46:06','1970-11-24 16:51:08'),(20,196,1,'1996-05-02 04:37:10','2005-09-22 20:13:13'),(21,8,1,'1990-08-26 08:55:05','2016-02-14 16:05:53'),(21,161,2,'1982-02-27 09:24:39','1979-07-05 20:23:44'),(21,181,1,'1974-11-26 01:11:08','2017-10-20 20:33:59'),(22,79,2,'2012-10-14 09:58:26','1979-05-25 08:03:39'),(22,121,2,'1992-10-30 03:17:39','1996-08-23 05:30:52'),(22,166,1,'1996-09-17 23:41:18','2016-03-26 08:13:57'),(23,23,1,'1970-03-11 12:07:55','2015-12-08 02:08:14'),(24,8,2,'1996-09-01 01:22:14','1992-05-13 11:38:07'),(24,166,2,'1986-05-19 17:28:17','1981-02-27 21:58:31'),(28,12,2,'2003-10-30 21:52:10','2010-10-18 21:43:35'),(28,89,2,'1996-05-09 11:07:40','1986-01-27 04:10:59'),(28,101,2,'2010-10-03 02:54:23','1993-12-20 18:42:55'),(28,146,1,'1984-11-09 06:57:39','2005-11-06 19:28:14'),(29,21,1,'2007-04-27 07:07:04','2006-01-12 11:22:19'),(32,65,1,'2009-04-19 11:10:12','1986-03-26 01:14:55'),(36,189,2,'1976-08-21 13:53:54','2019-01-20 12:16:26'),(36,195,1,'2017-08-10 22:57:00','2016-02-17 12:13:09'),(38,24,1,'2011-06-19 18:49:40','2011-11-05 21:42:29'),(39,26,1,'2010-02-06 22:01:05','2017-03-23 08:36:37'),(39,108,1,'1974-08-20 11:06:06','1976-02-18 14:27:10'),(42,67,2,'1970-02-26 02:52:05','1994-11-25 08:36:05'),(43,107,2,'1996-08-17 20:42:46','1991-12-05 12:58:58'),(43,180,1,'1991-09-02 06:53:16','2007-04-24 20:12:46'),(45,175,2,'1974-05-09 06:24:25','1992-05-01 16:00:39'),(45,197,1,'1998-10-19 06:30:05','2013-09-03 07:19:46'),(46,162,2,'1999-05-09 22:52:22','2009-12-31 11:53:04'),(49,56,1,'2017-11-28 22:31:33','2002-07-30 17:24:31'),(49,97,1,'1978-11-03 03:17:05','2013-03-31 20:38:06'),(49,122,2,'1986-09-01 15:04:36','2015-03-28 14:40:54'),(50,178,2,'2012-03-10 12:05:29','1979-10-04 00:47:54'),(54,117,2,'2000-01-03 00:19:50','1977-06-26 11:14:50'),(56,54,1,'2017-10-28 21:19:42','2006-08-26 09:39:10'),(57,80,1,'2004-04-09 05:06:43','1983-10-04 12:56:56'),(57,150,2,'1987-06-13 08:31:18','2004-04-13 19:19:52'),(58,135,1,'1977-10-07 21:34:02','2000-12-24 11:46:28'),(58,163,2,'2019-03-21 04:01:04','2005-09-19 16:36:42'),(60,13,1,'1973-05-19 12:14:14','2000-10-20 01:24:53'),(60,185,1,'1973-11-05 15:43:34','1996-06-27 22:35:41'),(61,139,1,'1984-07-05 09:53:21','2003-02-04 01:39:59'),(62,143,1,'1980-02-14 07:47:20','1999-04-03 19:52:28'),(62,159,2,'1972-03-22 14:05:39','2004-09-16 07:24:43'),(63,77,2,'1981-12-04 20:47:06','2014-10-13 17:54:28'),(64,105,2,'1991-12-16 18:41:57','1998-07-14 04:56:07'),(64,122,1,'1997-03-21 07:43:54','2000-10-25 19:33:10'),(66,16,1,'2014-05-09 08:04:05','1973-12-05 12:11:14'),(66,139,1,'2008-04-13 17:52:24','2004-08-29 19:51:39'),(67,108,1,'1971-11-09 01:27:16','1999-10-12 09:27:54'),(67,151,1,'2001-12-09 12:39:47','1997-01-22 13:12:57'),(69,153,2,'1998-05-31 11:00:18','1975-09-07 11:25:27'),(69,179,1,'1981-05-10 14:32:16','2015-02-03 09:05:14'),(71,69,1,'1972-04-28 22:53:28','2007-04-16 19:36:10'),(71,112,2,'2018-04-04 20:01:01','1984-05-21 21:03:52'),(72,141,1,'1993-07-12 20:32:57','1986-10-27 11:01:16'),(73,79,1,'2002-09-24 01:39:00','2006-08-03 15:58:56'),(73,145,2,'1982-02-10 06:46:42','1993-06-28 05:41:00'),(75,63,2,'1987-12-02 09:31:38','2017-09-30 01:39:19'),(75,140,1,'2018-07-13 06:39:54','2018-02-05 09:16:04'),(76,26,1,'1983-12-30 14:56:27','1978-12-12 05:17:10'),(80,17,2,'1972-08-10 10:33:32','2001-12-26 10:32:52'),(81,5,2,'1991-02-11 05:58:28','1972-05-21 16:43:30'),(81,142,2,'1985-10-20 13:09:02','1999-03-13 18:54:03'),(81,158,1,'1973-09-20 05:40:20','1991-02-23 04:59:09'),(82,185,2,'2013-12-08 15:53:13','1989-03-13 15:02:02'),(83,175,2,'2000-01-29 23:11:08','1987-03-05 03:04:09'),(84,153,1,'1975-08-05 12:22:35','2002-04-25 20:15:00'),(85,67,1,'1983-09-07 23:52:12','1980-01-06 03:40:07'),(85,97,1,'2002-09-12 18:35:40','1995-12-22 06:48:27'),(86,191,2,'2013-04-28 09:58:55','1995-12-26 02:34:50'),(87,97,2,'1998-01-27 06:36:51','1991-01-07 20:48:18'),(88,10,2,'1973-07-29 17:57:48','1993-02-21 20:24:26'),(89,66,1,'2005-07-13 04:49:15','2001-11-24 11:56:34'),(90,61,1,'1997-11-06 10:43:13','2015-02-07 15:34:22'),(90,89,2,'2013-11-15 10:39:16','1985-01-07 07:14:14'),(91,29,2,'1980-03-10 17:16:30','1978-12-23 01:45:40'),(92,124,2,'1998-02-09 13:17:29','1979-05-28 13:47:44'),(94,181,2,'2010-11-02 07:00:14','2010-06-05 13:39:35'),(95,68,1,'2012-11-14 14:33:25','2002-06-09 20:34:42'),(96,62,1,'1991-04-30 02:59:24','1997-05-15 17:47:51'),(96,108,2,'1993-12-24 11:32:52','2013-12-25 01:22:13'),(97,143,2,'1974-10-19 09:06:06','2006-06-20 00:15:12'),(98,77,1,'2017-04-08 14:34:52','2019-10-29 01:06:13'),(99,19,2,'1982-10-18 12:12:11','1982-08-14 06:59:22'),(100,132,1,'1992-06-03 00:09:38','2007-11-24 11:18:38'),(100,139,2,'1994-03-13 21:02:45','1989-12-06 06:23:58'),(101,56,2,'1975-02-18 17:16:11','1996-08-12 21:13:00'),(101,57,1,'1988-12-21 05:47:40','1974-11-10 15:06:37'),(102,89,1,'1981-06-07 08:42:34','1977-10-01 15:02:31'),(103,82,2,'1978-09-23 19:28:01','2017-04-30 08:11:10'),(103,107,1,'1994-03-12 21:46:53','1985-12-06 23:26:23'),(105,83,2,'2019-11-15 19:07:19','2000-04-08 07:45:05'),(107,56,1,'1995-10-21 10:55:22','2000-10-30 17:50:19'),(107,117,1,'1975-11-24 18:35:15','1976-01-14 21:27:45'),(109,115,2,'1990-02-13 12:29:52','1979-03-10 00:11:03'),(110,7,1,'2016-02-13 20:12:23','1975-09-07 07:34:53'),(110,189,2,'2012-04-25 04:27:09','1975-01-30 19:01:43'),(113,104,2,'2017-03-17 20:48:28','1977-02-19 17:46:09'),(114,150,2,'1979-12-18 21:36:43','1999-11-24 13:04:42'),(116,15,2,'2016-02-27 05:34:49','1991-04-06 07:21:20'),(118,15,2,'1977-11-08 18:58:10','1984-02-23 04:56:17'),(118,146,2,'1976-10-23 23:32:48','2010-02-26 10:25:54'),(119,6,2,'1998-11-19 17:54:04','2007-02-16 06:51:30'),(119,89,1,'1992-10-04 05:58:41','1995-10-19 15:17:30'),(119,154,1,'2015-07-12 15:27:37','2012-09-09 00:09:28'),(120,33,2,'1986-07-21 04:08:29','1982-06-30 01:43:08'),(120,181,2,'1973-08-08 14:22:38','2011-06-10 12:18:13'),(123,25,1,'1972-08-03 00:37:11','1999-07-20 15:58:36'),(125,52,1,'2014-01-07 13:19:15','2000-11-26 11:35:19'),(125,139,1,'1999-04-22 10:53:29','1983-05-21 22:30:39'),(126,186,2,'1994-03-24 17:10:06','1973-08-21 21:15:48'),(127,56,2,'2015-01-30 16:13:31','2003-05-15 08:14:39'),(128,12,1,'2017-09-29 23:46:06','1971-03-09 07:50:36'),(128,192,1,'1970-10-19 03:13:03','1971-09-04 14:31:57'),(129,9,1,'1984-02-18 22:51:28','2004-09-06 13:29:46'),(129,96,2,'1984-05-28 07:29:37','2018-12-09 01:43:16'),(130,84,2,'1990-12-08 02:24:50','1990-04-01 17:04:03'),(131,138,1,'1973-08-24 10:39:34','1994-09-04 14:31:26'),(132,14,2,'2010-04-28 15:43:46','2019-04-04 20:05:35'),(132,51,2,'1972-09-13 02:06:55','1974-10-14 18:31:25'),(133,80,1,'1989-05-22 05:28:43','1984-01-27 17:29:35'),(134,40,2,'1987-11-16 10:31:59','2001-12-17 14:04:28'),(134,169,1,'1976-01-22 09:25:41','1974-02-23 02:46:33'),(135,55,1,'1977-09-17 17:11:05','1988-04-09 04:09:37'),(135,143,1,'1995-10-24 01:19:45','1972-04-03 23:48:12'),(137,150,1,'1983-07-19 11:03:33','1980-06-22 15:19:23'),(137,160,1,'1995-10-15 12:52:39','1985-06-21 18:17:04'),(138,200,2,'2008-04-26 20:20:38','2009-04-09 04:36:59'),(139,29,2,'1992-08-22 13:10:01','2005-07-15 05:53:38'),(139,159,1,'1992-06-21 16:48:16','1976-11-08 21:43:06'),(140,48,2,'1985-06-16 14:58:29','1981-02-18 11:28:13'),(140,111,2,'2006-08-29 21:45:34','1971-11-24 12:52:51'),(140,176,2,'2013-09-15 11:50:54','1992-01-22 14:58:03'),(141,21,1,'1985-06-08 15:59:22','2018-10-31 15:31:23'),(142,146,2,'2019-02-27 08:19:55','1990-11-09 15:34:26'),(143,142,2,'2001-07-21 16:55:51','2007-07-24 16:04:34'),(144,178,2,'2006-11-03 14:36:05','1994-09-02 08:00:38'),(145,169,2,'1977-11-02 02:52:01','1995-12-02 10:52:58'),(146,55,2,'2017-06-25 04:08:48','1976-05-28 03:42:35'),(146,196,1,'1970-04-09 18:46:57','1993-01-18 13:22:16'),(149,188,2,'2014-08-15 13:05:48','1992-07-14 23:54:58'),(150,46,1,'1975-03-26 22:14:17','2016-01-26 04:40:11'),(151,104,1,'1998-04-24 10:44:11','1985-04-21 16:10:55'),(155,115,2,'2017-04-19 06:29:50','1987-10-03 20:30:42'),(158,92,1,'2017-02-10 10:26:25','2013-04-19 07:16:47'),(158,115,1,'1990-02-17 21:54:27','1982-03-19 12:24:40'),(158,192,1,'1979-11-12 22:04:30','1972-02-17 05:21:33'),(159,15,2,'2013-01-23 18:44:37','2004-01-04 01:46:48'),(159,127,2,'2010-07-07 11:27:49','1990-07-21 11:54:16'),(161,36,1,'2013-10-28 09:26:19','2012-03-16 01:51:37'),(164,120,2,'2018-09-20 00:39:23','2005-09-05 13:00:24'),(166,7,1,'1981-09-04 07:42:23','1982-03-16 12:19:17'),(166,167,1,'1972-07-18 17:35:16','1998-09-19 00:40:52'),(168,99,2,'2011-08-25 17:29:12','2007-02-18 22:03:45'),(172,25,1,'1997-10-03 16:52:11','2001-05-18 08:15:30'),(173,197,1,'2015-02-23 07:53:16','2008-11-11 04:32:49'),(176,43,2,'1993-11-09 17:07:18','1999-05-02 05:34:48'),(177,45,1,'2014-04-29 00:43:40','2002-02-03 14:12:52'),(177,109,2,'1998-07-28 09:26:20','2001-06-07 05:16:31'),(177,117,2,'1988-05-03 15:49:29','1971-08-05 08:49:23'),(178,39,1,'1987-07-09 09:20:39','2000-05-18 19:46:54'),(178,63,1,'2007-12-11 10:25:40','1991-05-03 15:18:58'),(178,76,2,'1996-01-25 02:43:17','1992-08-26 21:14:45'),(178,80,2,'2001-12-27 16:28:51','2008-01-10 22:02:49'),(179,158,2,'2018-04-17 01:06:13','1972-09-26 06:58:41'),(180,21,2,'1971-08-20 06:17:30','2017-05-18 12:48:43'),(182,122,1,'1978-09-15 14:48:06','1977-12-06 03:03:46'),(182,196,1,'2010-03-15 14:14:26','2016-06-21 08:49:46'),(183,74,1,'1998-01-15 18:21:01','1988-03-23 22:07:15'),(184,92,2,'1980-08-22 22:06:59','1989-05-04 08:06:12'),(184,147,2,'1972-07-17 07:19:40','1995-07-06 21:13:58'),(184,163,1,'2015-02-08 05:24:07','2019-09-27 11:30:30'),(186,128,1,'2010-03-27 10:19:09','1974-01-03 08:23:26'),(187,56,2,'1977-09-06 19:18:16','1972-09-19 04:52:50'),(187,58,2,'1973-04-13 15:12:07','2007-02-03 05:53:58'),(190,59,2,'1973-04-07 23:19:12','1989-05-02 08:46:40'),(192,62,1,'1978-04-18 09:05:46','1989-02-06 18:21:41'),(193,135,1,'1992-11-13 18:42:34','1988-02-07 06:22:24'),(195,131,1,'1978-02-06 13:14:41','1988-09-02 11:21:18'),(195,158,2,'2011-01-18 15:18:42','1972-12-29 09:18:17'),(196,122,1,'2019-07-06 22:23:00','2012-05-15 17:30:52'),(197,63,2,'1984-02-23 16:41:19','2016-04-22 04:12:50');
/*!40000 ALTER TABLE `friendship` ENABLE KEYS */;
UNLOCK TABLES;

--
-- Table structure for table `friendship_statuses`
--

DROP TABLE IF EXISTS `friendship_statuses`;
/*!40101 SET @saved_cs_client     = @@character_set_client */;
/*!50503 SET character_set_client = utf8mb4 */;
CREATE TABLE `friendship_statuses` (
  `id` int(10) unsigned NOT NULL AUTO_INCREMENT,
  `name` varchar(150) CHARACTER SET utf8 COLLATE utf8_unicode_ci NOT NULL,
  PRIMARY KEY (`id`),
  UNIQUE KEY `name` (`name`)
) ENGINE=InnoDB AUTO_INCREMENT=4 DEFAULT CHARSET=utf8 COLLATE=utf8_unicode_ci;
/*!40101 SET character_set_client = @saved_cs_client */;

--
-- Dumping data for table `friendship_statuses`
--

LOCK TABLES `friendship_statuses` WRITE;
/*!40000 ALTER TABLE `friendship_statuses` DISABLE KEYS */;
INSERT INTO `friendship_statuses` VALUES (2,'confirmed'),(3,'interrupted'),(1,'requested');
/*!40000 ALTER TABLE `friendship_statuses` ENABLE KEYS */;
UNLOCK TABLES;

--
-- Table structure for table `media`
--

DROP TABLE IF EXISTS `media`;
/*!40101 SET @saved_cs_client     = @@character_set_client */;
/*!50503 SET character_set_client = utf8mb4 */;
CREATE TABLE `media` (
  `id` int(10) unsigned NOT NULL AUTO_INCREMENT,
  `media_type_id` int(10) unsigned NOT NULL,
  `user_id` int(10) unsigned NOT NULL,
  `filename` varchar(255) CHARACTER SET utf8 COLLATE utf8_unicode_ci NOT NULL,
  `size` int(11) NOT NULL,
  `metadata` json DEFAULT NULL,
  `created_at` datetime DEFAULT CURRENT_TIMESTAMP,
  `updated_at` datetime DEFAULT CURRENT_TIMESTAMP ON UPDATE CURRENT_TIMESTAMP,
  PRIMARY KEY (`id`)
) ENGINE=InnoDB AUTO_INCREMENT=201 DEFAULT CHARSET=utf8 COLLATE=utf8_unicode_ci;
/*!40101 SET character_set_client = @saved_cs_client */;

--
-- Dumping data for table `media`
--

LOCK TABLES `media` WRITE;
/*!40000 ALTER TABLE `media` DISABLE KEYS */;
INSERT INTO `media` VALUES (1,3,17,'eveniet',89,'{\"eveniet\": \"Dahlia Keeling\"}','1989-02-04 08:15:43','2020-01-05 19:46:27'),(2,3,130,'id',7,'{\"id\": \"Elmer Schoen\"}','2014-04-17 14:32:15','2020-01-05 19:46:27'),(3,2,1,'dolorem',44157105,'{\"dolorem\": \"Maynard Reinger\"}','1983-01-14 07:06:40','2020-01-05 19:46:27'),(4,2,13,'sed',9871,'{\"sed\": \"Janie Kuhlman\"}','2001-09-12 12:18:34','2020-01-05 19:46:27'),(5,3,61,'dolor',22775,'{\"dolor\": \"Damaris Lynch\"}','1982-12-23 10:25:21','2020-01-05 19:46:27'),(6,3,66,'quia',581,'{\"quia\": \"Berta Johnson\"}','1977-06-30 08:10:42','2020-01-05 19:46:27'),(7,2,147,'eligendi',80983,'{\"eligendi\": \"Mona Hagenes\"}','2016-05-25 13:47:27','2020-01-05 19:46:27'),(8,2,135,'veritatis',0,'{\"veritatis\": \"Viola Skiles\"}','1974-07-05 12:09:09','2020-01-05 19:46:27'),(9,1,36,'atque',33,'{\"atque\": \"Reese O\'Reilly\"}','1979-05-07 15:34:27','2020-01-05 19:46:27'),(10,2,172,'atque',0,'{\"atque\": \"Abdullah Hyatt\"}','1980-04-20 08:01:48','2020-01-05 19:46:27'),(11,2,153,'natus',34671824,'{\"natus\": \"Jordon Stoltenberg\"}','1986-08-06 21:34:41','2020-01-05 19:46:27'),(12,1,48,'qui',95,'{\"qui\": \"Adell Bergnaum\"}','1980-10-09 08:33:17','2020-01-05 19:46:27'),(13,3,181,'delectus',9532909,'{\"delectus\": \"Carleton Schimmel\"}','1970-04-08 22:37:31','2020-01-05 19:46:27'),(14,2,162,'nostrum',408943,'{\"nostrum\": \"Elnora Schmitt\"}','2007-05-24 20:14:24','2020-01-05 19:46:27'),(15,2,66,'cupiditate',3,'{\"cupiditate\": \"Berta Johnson\"}','1986-07-14 06:59:09','2020-01-05 19:46:27'),(16,3,42,'et',1490,'{\"et\": \"Lera Heller\"}','2015-03-12 20:30:37','2020-01-05 19:46:27'),(17,2,13,'aliquam',67382,'{\"aliquam\": \"Janie Kuhlman\"}','1991-03-25 16:44:32','2020-01-05 19:46:27'),(18,2,136,'asperiores',0,'{\"asperiores\": \"Aimee Jones\"}','2015-08-26 04:47:40','2020-01-05 19:46:27'),(19,3,43,'quaerat',714948223,'{\"quaerat\": \"Norene Weissnat\"}','1998-07-31 12:38:40','2020-01-05 19:46:27'),(20,1,5,'aliquid',79,'{\"aliquid\": \"Johann Fay\"}','2010-06-20 07:54:30','2020-01-05 19:46:27'),(21,3,98,'dolore',0,'{\"dolore\": \"Ida Luettgen\"}','1972-05-19 09:58:12','2020-01-05 19:46:27'),(22,2,72,'delectus',669867770,'{\"delectus\": \"Lynn Borer\"}','1986-07-02 19:58:35','2020-01-05 19:46:27'),(23,3,65,'laborum',12,'{\"laborum\": \"Clovis Auer\"}','2005-05-23 08:40:50','2020-01-05 19:46:27'),(24,2,110,'reiciendis',9116,'{\"reiciendis\": \"Kiana Hahn\"}','1995-06-11 13:32:57','2020-01-05 19:46:27'),(25,3,156,'vel',88349,'{\"vel\": \"Amparo Morar\"}','1980-04-02 11:04:19','2020-01-05 19:46:27'),(26,2,47,'quo',72,'{\"quo\": \"Rashawn Treutel\"}','2002-10-04 09:15:19','2020-01-05 19:46:27'),(27,2,169,'quaerat',5229,'{\"quaerat\": \"Kaden Rempel\"}','1984-10-28 02:01:47','2020-01-05 19:46:27'),(28,3,102,'et',417268630,'{\"et\": \"Jake Abshire\"}','2015-02-21 16:36:32','2020-01-05 19:46:27'),(29,1,1,'nulla',656,'{\"nulla\": \"Maynard Reinger\"}','2014-04-02 18:11:33','2020-01-05 19:46:27'),(30,1,99,'asperiores',123141745,'{\"asperiores\": \"Marilie Schumm\"}','1976-09-20 07:08:55','2020-01-05 19:46:27'),(31,2,90,'laboriosam',6557267,'{\"laboriosam\": \"Dayna Kemmer\"}','1977-01-21 14:30:46','2020-01-05 19:46:27'),(32,2,155,'saepe',8918229,'{\"saepe\": \"Arlene O\'Hara\"}','1994-09-03 02:47:59','2020-01-05 19:46:27'),(33,1,102,'incidunt',32097881,'{\"incidunt\": \"Jake Abshire\"}','1980-01-28 09:46:49','2020-01-05 19:46:27'),(34,3,47,'asperiores',43408,'{\"asperiores\": \"Rashawn Treutel\"}','2000-11-13 11:56:34','2020-01-05 19:46:27'),(35,2,128,'voluptas',30754603,'{\"voluptas\": \"Mariela Rau\"}','1998-03-21 17:25:08','2020-01-05 19:46:27'),(36,2,98,'error',583,'{\"error\": \"Ida Luettgen\"}','1988-03-03 10:22:03','2020-01-05 19:46:27'),(37,3,104,'exercitationem',6671472,'{\"exercitationem\": \"Aimee Feest\"}','2010-09-06 14:08:39','2020-01-05 19:46:27'),(38,3,29,'vel',0,'{\"vel\": \"Evangeline Green\"}','1979-06-13 13:59:20','2020-01-05 19:46:27'),(39,3,29,'ut',75,'{\"ut\": \"Evangeline Green\"}','2008-06-06 02:05:18','2020-01-05 19:46:27'),(40,2,58,'illo',60967391,'{\"illo\": \"Toy Dickinson\"}','2013-07-06 18:00:16','2020-01-05 19:46:27'),(41,2,3,'dolor',8388978,'{\"dolor\": \"Kali Ritchie\"}','1991-11-10 13:09:31','2020-01-05 19:46:27'),(42,3,42,'mollitia',8195987,'{\"mollitia\": \"Lera Heller\"}','2006-05-25 04:52:37','2020-01-05 19:46:27'),(43,3,198,'molestias',0,'{\"molestias\": \"Ed Towne\"}','2016-10-15 20:40:40','2020-01-05 19:46:27'),(44,2,64,'placeat',947566596,'{\"placeat\": \"Kiera Treutel\"}','1986-10-28 18:25:23','2020-01-05 19:46:27'),(45,1,126,'molestias',3720,'{\"molestias\": \"Allen Jast\"}','2017-10-25 16:47:31','2020-01-05 19:46:27'),(46,3,39,'delectus',4754048,'{\"delectus\": \"Kim Rempel\"}','2011-01-26 18:12:05','2020-01-05 19:46:27'),(47,3,14,'omnis',6200787,'{\"omnis\": \"Gage Ritchie\"}','1998-02-09 13:43:52','2020-01-05 19:46:27'),(48,3,153,'iure',1,'{\"iure\": \"Jordon Stoltenberg\"}','1986-06-02 19:30:20','2020-01-05 19:46:27'),(49,3,122,'est',0,'{\"est\": \"Abby Bednar\"}','2010-12-23 15:33:34','2020-01-05 19:46:27'),(50,3,151,'officiis',1517,'{\"officiis\": \"Marcel Carter\"}','1987-03-20 03:27:46','2020-01-05 19:46:27'),(51,3,189,'temporibus',880191402,'{\"temporibus\": \"Kaden Roberts\"}','2004-04-05 08:54:36','2020-01-05 19:46:27'),(52,1,91,'sint',28,'{\"sint\": \"Tobin Wisoky\"}','2008-05-30 06:11:26','2020-01-05 19:46:27'),(53,1,88,'tenetur',9137129,'{\"tenetur\": \"Leopoldo Luettgen\"}','1989-04-16 16:45:47','2020-01-05 19:46:27'),(54,1,164,'perferendis',0,'{\"perferendis\": \"Vesta Gutkowski\"}','1994-01-26 05:56:34','2020-01-05 19:46:27'),(55,2,158,'est',61661519,'{\"est\": \"Arno Emmerich\"}','1997-06-25 20:02:03','2020-01-05 19:46:27'),(56,2,97,'quod',42100,'{\"quod\": \"Arlo Carter\"}','1988-12-17 07:43:14','2020-01-05 19:46:27'),(57,1,11,'illum',1101,'{\"illum\": \"Reinhold Ernser\"}','1980-07-28 01:01:25','2020-01-05 19:46:27'),(58,3,161,'consequatur',438061,'{\"consequatur\": \"Einar Eichmann\"}','1970-10-15 02:59:38','2020-01-05 19:46:27'),(59,1,173,'autem',12256,'{\"autem\": \"Theodora D\'Amore\"}','1986-06-12 22:16:29','2020-01-05 19:46:27'),(60,3,181,'eum',582090161,'{\"eum\": \"Carleton Schimmel\"}','1984-07-05 06:32:41','2020-01-05 19:46:27'),(61,2,184,'dolor',3859717,'{\"dolor\": \"Henri Abbott\"}','1994-09-15 08:56:41','2020-01-05 19:46:27'),(62,2,180,'et',610079606,'{\"et\": \"Natalie Donnelly\"}','1979-03-28 09:31:54','2020-01-05 19:46:27'),(63,1,146,'quidem',0,'{\"quidem\": \"Chanelle Hoeger\"}','1972-12-18 06:38:47','2020-01-05 19:46:27'),(64,3,188,'ducimus',17473,'{\"ducimus\": \"Delbert Schroeder\"}','1982-03-04 16:37:48','2020-01-05 19:46:27'),(65,3,101,'nemo',7109060,'{\"nemo\": \"Gretchen Kirlin\"}','2004-04-15 02:18:35','2020-01-05 19:46:27'),(66,1,143,'officia',88,'{\"officia\": \"Robin Ernser\"}','1984-06-06 16:36:19','2020-01-05 19:46:27'),(67,3,12,'omnis',592405359,'{\"omnis\": \"Mayra Heidenreich\"}','1980-02-03 23:27:18','2020-01-05 19:46:27'),(68,1,29,'in',8898,'{\"in\": \"Evangeline Green\"}','1973-04-14 11:21:16','2020-01-05 19:46:27'),(69,2,107,'ut',62677347,'{\"ut\": \"Mathias Jacobi\"}','2003-06-30 20:22:01','2020-01-05 19:46:27'),(70,2,49,'dolore',277245339,'{\"dolore\": \"Gerardo Bergstrom\"}','1998-05-15 05:59:25','2020-01-05 19:46:27'),(71,1,123,'ut',35490,'{\"ut\": \"Otilia Harvey\"}','1988-10-15 15:23:54','2020-01-05 19:46:27'),(72,1,68,'laudantium',4150484,'{\"laudantium\": \"Nona Price\"}','2011-01-14 13:10:46','2020-01-05 19:46:27'),(73,1,169,'et',64,'{\"et\": \"Kaden Rempel\"}','1995-11-06 09:30:03','2020-01-05 19:46:27'),(74,2,43,'qui',7,'{\"qui\": \"Norene Weissnat\"}','2004-10-21 01:11:56','2020-01-05 19:46:27'),(75,1,105,'nihil',0,'{\"nihil\": \"Melyssa Stanton\"}','1995-08-22 16:30:55','2020-01-05 19:46:27'),(76,2,196,'aut',66595490,'{\"aut\": \"Noemie Mitchell\"}','1987-01-30 06:52:35','2020-01-05 19:46:27'),(77,3,66,'quas',849,'{\"quas\": \"Berta Johnson\"}','2002-08-15 09:49:34','2020-01-05 19:46:27'),(78,1,140,'aut',592,'{\"aut\": \"Shaniya Franecki\"}','1976-08-30 02:39:57','2020-01-05 19:46:27'),(79,1,102,'aut',8196918,'{\"aut\": \"Jake Abshire\"}','2012-11-30 04:01:56','2020-01-05 19:46:27'),(80,3,89,'consectetur',0,'{\"consectetur\": \"Jovani Farrell\"}','2009-12-06 18:51:38','2020-01-05 19:46:27'),(81,2,139,'cumque',803401,'{\"cumque\": \"Randal Rosenbaum\"}','2013-01-14 03:59:35','2020-01-05 19:46:27'),(82,3,28,'et',106030,'{\"et\": \"Kelsi Maggio\"}','2005-03-22 11:11:12','2020-01-05 19:46:27'),(83,1,124,'nobis',484290322,'{\"nobis\": \"Otis Kiehn\"}','2014-11-27 15:50:40','2020-01-05 19:46:27'),(84,2,135,'commodi',7958140,'{\"commodi\": \"Viola Skiles\"}','1978-01-15 23:45:45','2020-01-05 19:46:27'),(85,2,101,'itaque',0,'{\"itaque\": \"Gretchen Kirlin\"}','2006-08-26 05:29:31','2020-01-05 19:46:27'),(86,2,102,'nemo',36840,'{\"nemo\": \"Jake Abshire\"}','1997-08-05 12:23:48','2020-01-05 19:46:27'),(87,1,5,'laborum',0,'{\"laborum\": \"Johann Fay\"}','2002-04-29 09:56:30','2020-01-05 19:46:27'),(88,2,119,'pariatur',635288941,'{\"pariatur\": \"Florine Nitzsche\"}','1999-08-30 23:20:03','2020-01-05 19:46:27'),(89,3,180,'sit',896800155,'{\"sit\": \"Natalie Donnelly\"}','2017-10-25 00:10:16','2020-01-05 19:46:27'),(90,2,140,'sit',770,'{\"sit\": \"Shaniya Franecki\"}','1997-11-05 07:52:08','2020-01-05 19:46:27'),(91,3,162,'inventore',919,'{\"inventore\": \"Elnora Schmitt\"}','2008-01-08 00:10:04','2020-01-05 19:46:27'),(92,1,187,'vel',99,'{\"vel\": \"Parker Denesik\"}','1980-04-26 08:13:08','2020-01-05 19:46:27'),(93,3,51,'molestias',5518559,'{\"molestias\": \"Hayden Mills\"}','1992-02-24 15:52:05','2020-01-05 19:46:27'),(94,2,94,'id',491,'{\"id\": \"Emma Schowalter\"}','1977-06-28 11:39:58','2020-01-05 19:46:27'),(95,3,116,'soluta',10942,'{\"soluta\": \"Loraine DuBuque\"}','1983-07-21 15:08:59','2020-01-05 19:46:27'),(96,3,95,'fuga',9578,'{\"fuga\": \"Gerardo Cormier\"}','2014-03-21 10:52:12','2020-01-05 19:46:27'),(97,2,130,'et',5981,'{\"et\": \"Elmer Schoen\"}','1979-02-08 01:42:02','2020-01-05 19:46:27'),(98,1,161,'quo',18395,'{\"quo\": \"Einar Eichmann\"}','2007-06-19 12:57:56','2020-01-05 19:46:27'),(99,1,18,'et',1,'{\"et\": \"Gina Nader\"}','1997-12-26 14:12:59','2020-01-05 19:46:27'),(100,1,3,'voluptas',8,'{\"voluptas\": \"Kali Ritchie\"}','1992-09-23 10:38:05','2020-01-05 19:46:27'),(101,3,162,'molestiae',22264910,'{\"molestiae\": \"Elnora Schmitt\"}','1995-11-09 05:54:02','2020-01-05 19:46:27'),(102,1,200,'molestiae',32945,'{\"molestiae\": \"Joanne Wolff\"}','2003-01-19 16:21:11','2020-01-05 19:46:27'),(103,3,115,'porro',4,'{\"porro\": \"Geovany Kassulke\"}','1986-04-12 00:38:00','2020-01-05 19:46:27'),(104,3,173,'voluptas',20085,'{\"voluptas\": \"Theodora D\'Amore\"}','1990-08-26 04:04:03','2020-01-05 19:46:27'),(105,2,119,'eum',28190,'{\"eum\": \"Florine Nitzsche\"}','1990-09-26 02:57:21','2020-01-05 19:46:27'),(106,3,75,'vitae',0,'{\"vitae\": \"Kari Hodkiewicz\"}','2002-05-07 22:51:52','2020-01-05 19:46:27'),(107,3,20,'unde',92065488,'{\"unde\": \"Lawson Reichel\"}','1972-02-16 06:46:55','2020-01-05 19:46:27'),(108,3,73,'repellat',95435607,'{\"repellat\": \"Enos Wehner\"}','1989-09-13 17:49:08','2020-01-05 19:46:27'),(109,1,105,'perspiciatis',489,'{\"perspiciatis\": \"Melyssa Stanton\"}','2015-07-29 03:30:05','2020-01-05 19:46:27'),(110,1,107,'quis',625,'{\"quis\": \"Mathias Jacobi\"}','2000-02-04 16:14:49','2020-01-05 19:46:27'),(111,1,20,'laudantium',986245,'{\"laudantium\": \"Lawson Reichel\"}','1992-03-12 19:54:35','2020-01-05 19:46:27'),(112,2,177,'assumenda',2778,'{\"assumenda\": \"Polly Rolfson\"}','1997-04-23 19:26:05','2020-01-05 19:46:27'),(113,2,25,'id',949,'{\"id\": \"Davion Stanton\"}','1977-05-15 06:13:14','2020-01-05 19:46:27'),(114,2,194,'non',388500213,'{\"non\": \"Levi Yundt\"}','1993-06-05 16:42:25','2020-01-05 19:46:27'),(115,2,95,'nam',3723101,'{\"nam\": \"Gerardo Cormier\"}','1988-12-01 20:28:59','2020-01-05 19:46:27'),(116,2,91,'numquam',450,'{\"numquam\": \"Tobin Wisoky\"}','1994-11-24 06:09:20','2020-01-05 19:46:27'),(117,3,171,'minima',0,'{\"minima\": \"Fausto Miller\"}','1992-10-15 00:24:51','2020-01-05 19:46:27'),(118,3,181,'illo',8,'{\"illo\": \"Carleton Schimmel\"}','2011-05-15 17:05:15','2020-01-05 19:46:27'),(119,2,190,'aliquam',96814,'{\"aliquam\": \"Jordan Homenick\"}','1971-03-11 23:29:32','2020-01-05 19:46:27'),(120,3,9,'aut',228243,'{\"aut\": \"Maggie Will\"}','1986-04-26 03:29:13','2020-01-05 19:46:27'),(121,1,75,'quod',13,'{\"quod\": \"Kari Hodkiewicz\"}','1974-01-08 11:05:42','2020-01-05 19:46:27'),(122,3,147,'quae',0,'{\"quae\": \"Mona Hagenes\"}','2016-02-08 21:50:34','2020-01-05 19:46:27'),(123,3,108,'est',353,'{\"est\": \"Finn Legros\"}','1994-03-13 03:10:51','2020-01-05 19:46:27'),(124,2,100,'doloribus',771,'{\"doloribus\": \"Andreane Littel\"}','1999-02-28 09:25:26','2020-01-05 19:46:27'),(125,2,174,'architecto',4,'{\"architecto\": \"Anderson Goyette\"}','1989-12-27 17:17:53','2020-01-05 19:46:27'),(126,1,171,'distinctio',899,'{\"distinctio\": \"Fausto Miller\"}','2007-05-15 19:33:05','2020-01-05 19:46:27'),(127,2,134,'commodi',3519066,'{\"commodi\": \"Savanna Koch\"}','1990-09-06 16:55:42','2020-01-05 19:46:27'),(128,3,155,'fugit',19588085,'{\"fugit\": \"Arlene O\'Hara\"}','1979-02-25 14:30:38','2020-01-05 19:46:27'),(129,1,174,'placeat',983242,'{\"placeat\": \"Anderson Goyette\"}','1987-01-07 19:59:47','2020-01-05 19:46:27'),(130,1,5,'ut',8,'{\"ut\": \"Johann Fay\"}','1970-12-01 05:48:19','2020-01-05 19:46:27'),(131,2,100,'perspiciatis',5,'{\"perspiciatis\": \"Andreane Littel\"}','2006-07-09 13:58:10','2020-01-05 19:46:27'),(132,3,87,'perferendis',15642,'{\"perferendis\": \"Eudora Muller\"}','2011-05-21 23:16:49','2020-01-05 19:46:27'),(133,2,133,'qui',0,'{\"qui\": \"Madalyn Sanford\"}','1990-11-17 21:55:59','2020-01-05 19:46:27'),(134,3,5,'deleniti',700,'{\"deleniti\": \"Johann Fay\"}','2017-02-10 23:48:13','2020-01-05 19:46:27'),(135,2,25,'nihil',0,'{\"nihil\": \"Davion Stanton\"}','1974-10-16 22:22:22','2020-01-05 19:46:27'),(136,1,109,'sunt',7566,'{\"sunt\": \"Jillian Renner\"}','2000-01-27 07:59:27','2020-01-05 19:46:27'),(137,2,71,'culpa',15888066,'{\"culpa\": \"Brandon Schmidt\"}','1971-07-04 08:05:42','2020-01-05 19:46:27'),(138,3,26,'minima',55,'{\"minima\": \"Doyle Kuhlman\"}','2003-02-17 17:45:26','2020-01-05 19:46:27'),(139,1,118,'nesciunt',548,'{\"nesciunt\": \"Maude Parker\"}','2001-11-21 14:45:14','2020-01-05 19:46:27'),(140,1,109,'assumenda',7262727,'{\"assumenda\": \"Jillian Renner\"}','2011-09-03 03:21:25','2020-01-05 19:46:27'),(141,1,190,'magnam',60,'{\"magnam\": \"Jordan Homenick\"}','2005-04-25 20:46:56','2020-01-05 19:46:27'),(142,2,25,'unde',7764220,'{\"unde\": \"Davion Stanton\"}','2012-03-20 00:18:33','2020-01-05 19:46:27'),(143,3,155,'occaecati',31870,'{\"occaecati\": \"Arlene O\'Hara\"}','1971-12-03 21:18:39','2020-01-05 19:46:27'),(144,1,99,'praesentium',1769840,'{\"praesentium\": \"Marilie Schumm\"}','1995-04-01 12:03:55','2020-01-05 19:46:27'),(145,2,29,'ipsam',79,'{\"ipsam\": \"Evangeline Green\"}','1977-12-02 08:02:29','2020-01-05 19:46:27'),(146,1,47,'ipsam',0,'{\"ipsam\": \"Rashawn Treutel\"}','1998-05-16 00:07:13','2020-01-05 19:46:27'),(147,2,146,'quisquam',50158,'{\"quisquam\": \"Chanelle Hoeger\"}','1999-01-24 14:29:44','2020-01-05 19:46:27'),(148,1,191,'id',7,'{\"id\": \"Demarcus Murphy\"}','2003-08-08 18:21:58','2020-01-05 19:46:27'),(149,2,115,'facere',0,'{\"facere\": \"Geovany Kassulke\"}','1979-02-14 00:01:36','2020-01-05 19:46:27'),(150,3,4,'modi',479,'{\"modi\": \"Edgar Moore\"}','2004-03-08 22:25:59','2020-01-05 19:46:27'),(151,3,71,'est',363477659,'{\"est\": \"Brandon Schmidt\"}','1979-03-22 02:27:38','2020-01-05 19:46:27'),(152,2,146,'nam',735696,'{\"nam\": \"Chanelle Hoeger\"}','1981-10-18 04:00:23','2020-01-05 19:46:27'),(153,3,114,'provident',0,'{\"provident\": \"Billie Ortiz\"}','1983-10-22 22:03:29','2020-01-05 19:46:27'),(154,3,131,'numquam',438652,'{\"numquam\": \"Jadyn Carter\"}','2011-04-17 04:55:11','2020-01-05 19:46:27'),(155,1,114,'qui',0,'{\"qui\": \"Billie Ortiz\"}','1975-06-21 19:07:48','2020-01-05 19:46:27'),(156,3,178,'sint',0,'{\"sint\": \"Desiree DuBuque\"}','1998-09-26 18:34:02','2020-01-05 19:46:27'),(157,1,146,'similique',813826,'{\"similique\": \"Chanelle Hoeger\"}','2010-12-08 11:02:48','2020-01-05 19:46:27'),(158,2,194,'aut',764416,'{\"aut\": \"Levi Yundt\"}','2014-07-15 17:31:17','2020-01-05 19:46:27'),(159,1,132,'omnis',0,'{\"omnis\": \"Jermey Thompson\"}','2005-05-13 10:32:31','2020-01-05 19:46:27'),(160,2,79,'exercitationem',6005,'{\"exercitationem\": \"Adele Effertz\"}','1999-08-16 04:24:01','2020-01-05 19:46:27'),(161,2,196,'est',22,'{\"est\": \"Noemie Mitchell\"}','1994-03-27 03:22:04','2020-01-05 19:46:27'),(162,3,142,'voluptatem',5181298,'{\"voluptatem\": \"Aurelia Ruecker\"}','2007-10-13 06:01:14','2020-01-05 19:46:27'),(163,2,124,'ratione',6124,'{\"ratione\": \"Otis Kiehn\"}','1994-12-22 22:07:35','2020-01-05 19:46:27'),(164,2,195,'facere',5845438,'{\"facere\": \"Dena Hickle\"}','1984-09-09 19:56:07','2020-01-05 19:46:27'),(165,2,200,'maxime',4596,'{\"maxime\": \"Joanne Wolff\"}','2003-01-07 01:20:54','2020-01-05 19:46:27'),(166,2,13,'eaque',957378,'{\"eaque\": \"Janie Kuhlman\"}','1972-12-31 00:51:20','2020-01-05 19:46:27'),(167,2,68,'nostrum',0,'{\"nostrum\": \"Nona Price\"}','1995-11-04 07:03:20','2020-01-05 19:46:27'),(168,1,99,'voluptatibus',7214718,'{\"voluptatibus\": \"Marilie Schumm\"}','1972-09-09 02:52:53','2020-01-05 19:46:27'),(169,1,89,'quod',28323720,'{\"quod\": \"Jovani Farrell\"}','2012-02-20 04:27:40','2020-01-05 19:46:27'),(170,3,150,'in',5,'{\"in\": \"Keagan Lebsack\"}','1995-06-19 14:28:01','2020-01-05 19:46:27'),(171,1,82,'amet',9510850,'{\"amet\": \"Tyson Brown\"}','2004-01-04 22:17:04','2020-01-05 19:46:27'),(172,2,161,'et',0,'{\"et\": \"Einar Eichmann\"}','1972-08-13 10:44:59','2020-01-05 19:46:27'),(173,1,158,'molestias',4754,'{\"molestias\": \"Arno Emmerich\"}','2010-04-04 03:20:26','2020-01-05 19:46:27'),(174,2,108,'non',581994,'{\"non\": \"Finn Legros\"}','1990-02-22 21:52:49','2020-01-05 19:46:27'),(175,1,64,'nihil',0,'{\"nihil\": \"Kiera Treutel\"}','1980-01-19 21:55:20','2020-01-05 19:46:27'),(176,1,197,'assumenda',81501037,'{\"assumenda\": \"Garnett Harvey\"}','2007-02-19 03:41:37','2020-01-05 19:46:27'),(177,2,193,'qui',66308410,'{\"qui\": \"Elaina Lesch\"}','2007-03-06 10:13:20','2020-01-05 19:46:27'),(178,2,172,'in',7,'{\"in\": \"Abdullah Hyatt\"}','1971-05-30 17:28:36','2020-01-05 19:46:27'),(179,3,79,'voluptatem',2309611,'{\"voluptatem\": \"Adele Effertz\"}','2005-05-15 10:47:25','2020-01-05 19:46:27'),(180,2,81,'eius',506162066,'{\"eius\": \"Korbin Dietrich\"}','2017-09-14 23:49:18','2020-01-05 19:46:27'),(181,2,167,'delectus',0,'{\"delectus\": \"Lucius Moen\"}','1982-03-12 05:37:14','2020-01-05 19:46:27'),(182,1,193,'voluptatum',1864,'{\"voluptatum\": \"Elaina Lesch\"}','2011-12-15 06:37:12','2020-01-05 19:46:27'),(183,3,61,'porro',9445682,'{\"porro\": \"Damaris Lynch\"}','1977-09-30 16:50:18','2020-01-05 19:46:27'),(184,2,126,'reiciendis',431,'{\"reiciendis\": \"Allen Jast\"}','2008-10-26 03:48:57','2020-01-05 19:46:27'),(185,2,46,'sit',64465985,'{\"sit\": \"Ludwig Bartoletti\"}','1984-07-11 00:01:11','2020-01-05 19:46:27'),(186,2,52,'exercitationem',599974032,'{\"exercitationem\": \"Micah Torp\"}','2004-11-16 07:34:37','2020-01-05 19:46:27'),(187,1,120,'sunt',42,'{\"sunt\": \"Korbin Bradtke\"}','2011-09-09 14:13:41','2020-01-05 19:46:27'),(188,3,45,'at',67667710,'{\"at\": \"Breana Oberbrunner\"}','2015-09-10 09:17:24','2020-01-05 19:46:27'),(189,2,63,'et',348,'{\"et\": \"Domenica Bailey\"}','1998-09-19 21:25:44','2020-01-05 19:46:27'),(190,2,179,'blanditiis',46,'{\"blanditiis\": \"Vicenta Toy\"}','2018-11-02 05:04:08','2020-01-05 19:46:27'),(191,3,108,'est',4,'{\"est\": \"Finn Legros\"}','1998-04-13 19:33:24','2020-01-05 19:46:27'),(192,2,3,'suscipit',0,'{\"suscipit\": \"Kali Ritchie\"}','1997-04-01 20:04:22','2020-01-05 19:46:27'),(193,2,91,'autem',4947172,'{\"autem\": \"Tobin Wisoky\"}','1996-10-29 14:11:58','2020-01-05 19:46:27'),(194,1,44,'molestiae',4938,'{\"molestiae\": \"Kailyn Ortiz\"}','1981-05-25 21:04:22','2020-01-05 19:46:27'),(195,2,147,'expedita',0,'{\"expedita\": \"Mona Hagenes\"}','1999-01-06 08:58:19','2020-01-05 19:46:27'),(196,2,2,'velit',5921,'{\"velit\": \"Mya Dooley\"}','2013-01-07 11:04:22','2020-01-05 19:46:27'),(197,2,169,'nostrum',3,'{\"nostrum\": \"Kaden Rempel\"}','1994-10-07 17:04:28','2020-01-05 19:46:27'),(198,3,36,'sapiente',312,'{\"sapiente\": \"Reese O\'Reilly\"}','2009-01-23 12:06:37','2020-01-05 19:46:27'),(199,1,76,'porro',26,'{\"porro\": \"Adolf VonRueden\"}','1984-03-13 03:02:29','2020-01-05 19:46:27'),(200,1,71,'nemo',4718,'{\"nemo\": \"Brandon Schmidt\"}','1993-01-13 03:37:11','2020-01-05 19:46:27');
/*!40000 ALTER TABLE `media` ENABLE KEYS */;
UNLOCK TABLES;

--
-- Table structure for table `media_types`
--

DROP TABLE IF EXISTS `media_types`;
/*!40101 SET @saved_cs_client     = @@character_set_client */;
/*!50503 SET character_set_client = utf8mb4 */;
CREATE TABLE `media_types` (
  `id` int(10) unsigned NOT NULL AUTO_INCREMENT,
  `name` varchar(255) CHARACTER SET utf8 COLLATE utf8_unicode_ci NOT NULL,
  PRIMARY KEY (`id`),
  UNIQUE KEY `name` (`name`)
) ENGINE=InnoDB AUTO_INCREMENT=4 DEFAULT CHARSET=utf8 COLLATE=utf8_unicode_ci;
/*!40101 SET character_set_client = @saved_cs_client */;

--
-- Dumping data for table `media_types`
--

LOCK TABLES `media_types` WRITE;
/*!40000 ALTER TABLE `media_types` DISABLE KEYS */;
INSERT INTO `media_types` VALUES (3,'audio'),(1,'photo'),(2,'video');
/*!40000 ALTER TABLE `media_types` ENABLE KEYS */;
UNLOCK TABLES;

--
-- Table structure for table `messages`
--

DROP TABLE IF EXISTS `messages`;
/*!40101 SET @saved_cs_client     = @@character_set_client */;
/*!50503 SET character_set_client = utf8mb4 */;
CREATE TABLE `messages` (
  `id` int(10) unsigned NOT NULL AUTO_INCREMENT,
  `from_user_id` int(10) unsigned NOT NULL,
  `to_user_id` int(10) unsigned NOT NULL,
  `body` text CHARACTER SET utf8 COLLATE utf8_unicode_ci NOT NULL,
  `is_important` tinyint(1) DEFAULT NULL,
  `is_delivered` tinyint(1) DEFAULT NULL,
  `created_at` datetime DEFAULT CURRENT_TIMESTAMP,
  PRIMARY KEY (`id`)
) ENGINE=InnoDB AUTO_INCREMENT=101 DEFAULT CHARSET=utf8 COLLATE=utf8_unicode_ci;
/*!40101 SET character_set_client = @saved_cs_client */;

--
-- Dumping data for table `messages`
--

LOCK TABLES `messages` WRITE;
/*!40000 ALTER TABLE `messages` DISABLE KEYS */;
INSERT INTO `messages` VALUES (1,11,32,'Dolores possimus perspiciatis et expedita et. In earum adipisci quod nesciunt impedit laborum illum sunt. Rerum magni rem optio autem libero libero quia.',1,0,'2019-07-01 07:55:39'),(2,127,139,'Omnis fugit velit rerum sed deserunt. Voluptatem et qui et aut. Commodi tempore tempora voluptatem nisi rerum.',0,1,'1973-01-09 08:10:56'),(3,115,157,'Rerum necessitatibus omnis ut eos doloremque atque. Dolores repellat provident deleniti voluptas similique error consequuntur. Dolores vel nulla ad sit. Sit saepe voluptatibus magnam ea.',0,1,'2002-02-08 08:35:05'),(4,41,131,'Perspiciatis perferendis odio iusto id velit. Debitis ducimus aut ipsum suscipit. Minima dolor neque officiis aliquam. Quia ut corporis nisi eos.',0,0,'1986-01-14 16:47:24'),(5,131,62,'Asperiores praesentium soluta tempora sed pariatur animi doloribus. Reiciendis sint dolores quo qui nisi vitae. Provident error culpa dolores illum voluptatibus.',1,1,'1986-09-08 23:18:29'),(6,116,193,'Placeat sunt nulla quas voluptatibus maiores eligendi quia et. Et impedit eum rerum aliquam. Ut quasi ut eos quo.',1,1,'1989-10-26 12:53:31'),(7,16,101,'Praesentium expedita ut quis repudiandae. Rerum enim quisquam labore ipsam officia veritatis. Mollitia est enim aut sint. Velit qui magni consequatur iste quam voluptas assumenda qui.',0,1,'2019-12-30 02:27:33'),(8,55,171,'Ut porro vel culpa quibusdam suscipit at. Velit quasi nam voluptatem quo ipsa cupiditate et. Qui qui totam fuga beatae.',0,1,'1990-11-30 06:15:50'),(9,92,145,'Fuga recusandae nemo voluptatibus quidem veniam. Mollitia sunt impedit in fugit architecto sequi. Ut rerum et numquam voluptatem.',1,1,'2005-12-05 07:03:00'),(10,50,12,'Et a adipisci veniam temporibus a consequuntur. Iusto quaerat vel dolorem. Ratione quibusdam corrupti rem aut quas qui et.',0,0,'2015-04-27 21:53:41'),(11,110,116,'Aut odio consequuntur non ea. Accusamus quis nostrum molestias aut. Modi porro iure in omnis ipsa labore. Qui vel totam totam ea dicta et inventore.',0,0,'1992-08-17 17:38:54'),(12,47,89,'Quidem hic nemo repellendus quis. Corrupti eius dolorem corrupti molestias. Aliquid nihil est aspernatur. Qui tenetur est similique id non veniam harum maiores.',0,0,'2008-05-21 13:00:00'),(13,103,45,'Tenetur numquam corrupti necessitatibus est aut ipsa inventore. Doloremque ipsum et quod repudiandae. Necessitatibus iure ut eos qui. Accusamus voluptates quod quod officiis aut.',1,0,'2002-10-24 12:34:30'),(14,118,55,'Nulla architecto totam eum voluptas. Consequatur suscipit impedit est aliquid. Voluptate maxime cum aut. Laboriosam perferendis velit praesentium labore voluptate.',0,0,'1972-06-10 12:24:31'),(15,120,35,'Repellat nemo ut quasi est qui. Quas similique id sed perspiciatis iste voluptates. Fugit unde expedita delectus veniam animi. Quae minus porro esse et soluta eligendi non.',0,1,'2009-12-17 20:33:18'),(16,15,169,'Dicta eos quam vero perspiciatis. Hic excepturi et ipsum dolorum consequatur minima minima sint. Nemo qui eligendi et.',0,0,'1987-09-26 07:30:02'),(17,198,82,'Est rerum voluptas fuga quod. Sint architecto quod dignissimos excepturi quisquam quia fugit. Dolor neque dignissimos eveniet id et vel deserunt iste.',1,0,'2011-05-17 05:10:24'),(18,17,40,'Aut voluptatem doloremque impedit asperiores ut maiores. Ut magni voluptatem molestias. Sed autem nam vel aliquam quas. Quia rerum architecto sint totam.',0,0,'1986-08-14 11:29:27'),(19,147,15,'Asperiores itaque labore dolores laboriosam ratione. Omnis aliquam sunt nemo. Modi doloremque eligendi nemo voluptatum ea est. Aliquam aut ipsum est tenetur rerum aut accusantium minima.',0,1,'1988-05-20 04:36:27'),(20,35,129,'Recusandae nihil officiis optio reiciendis. Aut architecto impedit suscipit voluptas voluptatum maiores iusto. Voluptatem et ullam eos aut recusandae voluptas pariatur. Hic vel est error cum id accusantium.',0,0,'1983-04-01 22:30:14'),(21,140,110,'Aut quo voluptas omnis voluptate sunt impedit pariatur. A sit eos iste ea sunt. Ratione accusamus voluptates molestias optio maiores ut qui. Et et at eveniet quia et libero illum. Quo consequatur dolor blanditiis voluptatem.',0,1,'2004-09-23 08:16:51'),(22,133,133,'Dolorem eligendi tempora cumque dolor. Et est rerum asperiores dignissimos fugiat. Vel velit dicta error iusto sequi eos. Harum impedit facere dignissimos sed ipsam.',1,1,'1993-08-01 18:56:22'),(23,63,119,'Sed neque vitae nihil perspiciatis vitae recusandae blanditiis. Voluptatem a ea sit voluptatibus ut. Illo cumque maxime nihil expedita.',1,1,'1986-10-22 02:40:18'),(24,3,59,'Incidunt rerum nihil eum eum dolore. Animi id earum mollitia dignissimos provident dolorem. Natus laboriosam maxime nisi sunt assumenda optio impedit.',0,0,'1971-05-29 21:15:28'),(25,85,49,'Alias officiis praesentium sed quo sit voluptate iure ducimus. Rem dolorum atque laboriosam molestias. Illo voluptatibus omnis tempora eveniet sed sapiente.',1,1,'2012-04-04 14:24:28'),(26,189,195,'Et non consequatur numquam esse consectetur provident excepturi. Blanditiis quis non cum architecto hic ipsam illum et. Voluptatem officia ut ut et. Quis quia consequuntur expedita veniam eligendi laborum.',0,0,'1977-05-15 16:29:13'),(27,9,59,'Qui quia et doloribus sit voluptatem deleniti explicabo architecto. Asperiores non commodi non aut.',1,1,'2000-05-24 23:04:08'),(28,70,171,'Deserunt voluptatem dolor aspernatur minima. Quod quos rerum quia quos quod tempore quo. Exercitationem aut nam ab provident ut.',0,0,'1994-09-24 05:00:11'),(29,43,101,'Vitae tenetur corrupti soluta sit. Totam et minima nihil expedita sapiente totam voluptatibus consequatur. Id dolores dolores itaque voluptas atque.',1,1,'2004-08-30 12:03:06'),(30,178,185,'Dignissimos et rerum qui eveniet aut. Voluptatem reprehenderit deserunt voluptatem delectus ratione quidem. Officiis amet aut doloremque sed velit voluptas.',1,0,'2019-11-15 21:57:52'),(31,191,1,'Similique aspernatur nulla quidem distinctio incidunt et odit minima. Ad inventore nihil nisi. Molestias sed suscipit eos omnis. Possimus doloribus id reiciendis. Possimus libero sed ad.',1,1,'1988-10-06 23:28:33'),(32,29,144,'Eius dolores ut rem assumenda. Ducimus beatae dolor perferendis magni temporibus voluptate nisi. Non est eum illo ab aut ea minima.',0,1,'1989-04-24 20:29:50'),(33,31,124,'Ipsa iusto unde et. Beatae ut rerum optio iusto nemo nulla. Laudantium maiores minus quos est pariatur. Rerum beatae illum omnis quasi voluptatum nihil culpa.',0,0,'2004-12-25 23:38:34'),(34,127,62,'Et nihil vel autem minima maxime. Ut hic maxime eveniet minima totam ipsa aspernatur. Commodi in cum nesciunt est aspernatur.',0,0,'2006-03-24 23:25:00'),(35,129,58,'Ipsum et maxime ex hic itaque assumenda. Nobis nihil quisquam autem est et corrupti quo. Expedita iure eum ut et nisi. Earum cumque nulla ducimus et pariatur expedita voluptatem.',0,1,'1988-10-19 14:03:46'),(36,101,134,'Sunt quisquam cum voluptatem odio amet qui. Quaerat accusamus fugiat quo. Dolor temporibus nulla ipsum illo.',1,1,'1974-05-13 22:22:39'),(37,163,15,'Doloremque quia ad maiores reiciendis alias nisi sit cum. Et velit voluptatem sed delectus aperiam adipisci ut. Omnis eligendi rerum distinctio temporibus quia earum.',0,0,'1986-07-13 19:25:03'),(38,183,71,'Sint aperiam molestiae magnam eveniet praesentium. Esse voluptatem ipsa quae. Error libero voluptatum earum maxime.',0,1,'1977-04-21 08:03:15'),(39,4,7,'Omnis enim quia voluptatum eveniet laboriosam et delectus. Architecto officiis veniam doloribus. Cumque totam voluptatem commodi iure earum.',0,1,'2001-03-11 00:44:17'),(40,23,94,'Occaecati sit dolore consectetur. Vel blanditiis debitis veritatis tenetur nesciunt magnam. Est sequi officia consectetur ad nulla sed cumque quidem. Aut et tempore ut error est. Voluptas dolore et molestiae deserunt eaque.',1,0,'1973-12-15 10:41:34'),(41,198,109,'Quia voluptatem tempore cumque omnis deleniti omnis. Dolorem aut est voluptates esse. Distinctio aut consequuntur nesciunt voluptates placeat labore. Quia inventore possimus ut.',0,0,'1997-06-29 17:22:05'),(42,152,30,'Omnis et magnam et fugit voluptatibus quo voluptate. Veniam asperiores eaque illum quae modi. Repudiandae totam repellendus ut labore natus.',0,0,'1974-09-25 01:16:57'),(43,94,181,'Delectus sunt assumenda debitis minima. Et eveniet recusandae reprehenderit quos sequi. Libero adipisci hic id ipsam nesciunt consequatur laborum quo. Officia maxime sit distinctio voluptatem. Dolore rerum debitis esse voluptas.',1,1,'2002-05-26 01:57:29'),(44,22,166,'Atque numquam temporibus molestiae eligendi. Autem ut autem fugit libero odio. Facilis mollitia dolorem recusandae.',1,1,'2019-10-03 14:13:06'),(45,165,126,'Facilis odit repellat aut ut ipsam sunt. Et iure iste quo quod. Nam sapiente quo quis recusandae quibusdam. Accusantium omnis dolor voluptatem laboriosam nulla beatae mollitia.',0,1,'2014-01-23 00:47:47'),(46,134,92,'Ex non ad ut eligendi aut sint. Accusamus sunt atque nam iusto reprehenderit quis beatae.',1,1,'2007-04-05 12:03:15'),(47,59,18,'Et pariatur praesentium iusto nihil et. Porro voluptas impedit eaque necessitatibus dolorem. Consequatur est culpa unde pariatur quae est et.',0,1,'2007-05-24 07:29:22'),(48,114,113,'Sed error earum harum ipsum occaecati odit neque. Explicabo nihil vitae illo vitae. Veritatis non aut perferendis quidem asperiores. Et inventore saepe magnam ipsum dolores recusandae rerum id.',0,0,'2014-11-15 08:41:35'),(49,22,169,'Autem sed et consequuntur consectetur sapiente. Numquam omnis beatae consequatur commodi possimus laudantium. Facilis quisquam pariatur esse voluptatem odit quas modi.',0,0,'2007-03-26 09:14:16'),(50,182,200,'Explicabo optio ea voluptas dolores placeat libero accusantium voluptatum. Aliquid molestiae tempore omnis nobis et. Totam quisquam ipsum rerum inventore neque. Voluptas esse excepturi soluta amet maxime non perspiciatis.',0,1,'2018-07-06 06:47:51'),(51,55,75,'Id rerum laborum dolor ad possimus. Et est impedit laboriosam. Molestiae velit facere nulla eveniet aspernatur. Ex autem quo expedita ea numquam.',0,1,'1978-02-10 14:57:33'),(52,10,25,'Est quod nemo labore perspiciatis modi est. Autem eveniet sunt iure. Porro velit est natus accusamus expedita blanditiis aut. Exercitationem doloribus ut quasi aut similique modi quis.',1,0,'2013-03-17 14:59:46'),(53,95,199,'Architecto velit illum aut omnis voluptas necessitatibus qui sed. Totam enim vitae quas assumenda. Quasi esse praesentium numquam error.',0,1,'1993-07-13 05:49:43'),(54,111,157,'Nisi omnis dolorem sit. Debitis provident adipisci nihil porro in. Labore et sunt illo delectus. Eos iusto animi recusandae.',0,1,'1985-12-17 03:59:24'),(55,53,190,'Est quas accusantium quo delectus officiis quae sequi. Nostrum nemo eaque dolores. Maxime esse quasi fugiat doloremque ut.',0,0,'1986-05-31 22:55:18'),(56,192,189,'Architecto dolor facere nihil eum aperiam. Eius sunt et rem et quis. Iusto magnam sit inventore fugit. Debitis maxime quos at dolor error dolores fugiat. Provident expedita dolor optio ex et sequi.',0,1,'1974-08-27 02:28:42'),(57,167,70,'Nobis qui voluptatem ipsam odit officiis molestias. Corporis ullam pariatur et enim labore omnis.',1,0,'2014-03-03 08:37:24'),(58,49,35,'Quibusdam ut sint cum. Quia repellendus tempore eos pariatur minus et.',1,0,'2013-07-26 19:32:37'),(59,25,22,'Deleniti sit illo quia. Molestiae aut sunt consequuntur tenetur. Eaque quia consequatur neque alias adipisci. Aut recusandae eaque odio qui odio.',0,0,'1971-07-24 01:54:46'),(60,33,100,'Deserunt necessitatibus eum quo dolorem dolorum. Animi quia qui sint ut. Laborum sunt aspernatur quo aliquid.',1,0,'1993-05-11 07:17:56'),(61,198,91,'Laborum aut quos in animi consequatur possimus fuga. Veritatis voluptatem nostrum ut aperiam. Provident rerum sed tenetur et. Vel commodi earum qui dicta ut ab est.',1,0,'1991-11-19 06:54:23'),(62,61,31,'Velit animi voluptatem dolore repellendus aut. Officiis iusto sint laudantium quos et excepturi. Ducimus nostrum libero beatae facilis.',0,1,'1976-12-03 13:10:53'),(63,171,164,'Sed minima adipisci deleniti excepturi qui voluptas. Aut ut perspiciatis voluptatem accusantium quis nihil totam. Accusamus iste voluptates blanditiis quod veniam repellat provident.',1,1,'2005-10-26 10:35:30'),(64,104,29,'Nobis est ut impedit. Modi et ipsam enim repellat. Quibusdam doloremque omnis aut. Neque consequuntur ut sit minima.',0,0,'1973-01-25 01:10:27'),(65,31,68,'Tempora qui nihil laborum qui maiores et libero. Ullam aperiam repudiandae sed saepe natus beatae. Ut nulla omnis sunt nihil expedita.',1,1,'1970-06-17 15:21:06'),(66,47,30,'Aliquam ut reprehenderit tempore voluptatibus pariatur dolorem. Veniam iste blanditiis harum tempore iste accusantium. Quo culpa libero molestiae ea aut.',1,0,'1971-02-26 05:44:18'),(67,9,154,'Sequi eaque explicabo et iusto facilis iusto nihil. Aut ut nam aut quam. Voluptatum omnis iusto ea ratione. Reprehenderit et enim dicta et sit. Nesciunt et quia error.',0,1,'2004-12-19 14:31:33'),(68,141,45,'Labore ipsam perspiciatis et quae quasi. Dicta minus quaerat repudiandae corporis. Ipsam quo itaque ratione vitae commodi. Consequatur aut dolor eveniet fugiat earum.',0,0,'1987-02-23 06:41:51'),(69,199,59,'Impedit assumenda delectus qui nulla ut. Nobis facere omnis nihil commodi eos magnam ducimus.',0,1,'1975-04-20 22:32:02'),(70,98,113,'Adipisci magni laudantium labore sed nobis similique dolores. Velit iure repellendus vel numquam et tempore et. Esse velit excepturi unde facere incidunt.',1,1,'2009-04-02 10:13:51'),(71,71,14,'Reiciendis voluptatem consequatur voluptates. Rerum magni cum placeat facere at impedit recusandae. Placeat minima praesentium ipsum rem.',1,1,'2014-07-14 08:13:46'),(72,58,46,'Ducimus esse sit maxime quidem suscipit cupiditate temporibus nostrum. Nam quas fugiat saepe consequuntur tempora earum. Veritatis deserunt quia enim est rem esse voluptatum. Aut temporibus esse veritatis quidem qui laboriosam.',0,1,'1997-12-30 17:13:28'),(73,55,137,'A quibusdam voluptatem praesentium placeat ut et. A corrupti sequi perspiciatis est in voluptatem explicabo. Eius qui qui cupiditate tempore in dolore aut.',0,0,'1984-02-11 04:29:02'),(74,120,190,'Rerum non itaque eligendi esse perspiciatis. Modi atque ducimus qui in a repellat et. Rerum at ratione aliquam voluptates aliquid enim distinctio. Quam qui expedita laboriosam id quasi quisquam et.',0,0,'1996-09-08 14:52:54'),(75,188,170,'Omnis repellat corrupti necessitatibus non cum explicabo voluptatem provident. Vel et molestiae deleniti corporis odio. Sequi repellendus magni eum omnis pariatur. Velit laborum totam tenetur est. Aut et architecto quas reiciendis molestias.',1,1,'1970-01-10 07:08:12'),(76,86,120,'Ut vitae aut facere natus. Ut nihil facere nihil accusantium aliquid commodi voluptatem. Accusantium at voluptatibus mollitia officiis. Suscipit et provident facilis nisi quas deleniti nulla.',1,1,'2011-09-27 21:46:51'),(77,139,136,'Deleniti distinctio debitis rem explicabo. Sit ipsa iure facere. Eius molestias porro tempora aut sequi dolorem molestiae. Ipsum corporis ut dolorum quas harum quos. Porro assumenda quae praesentium deserunt.',0,1,'1994-11-19 01:18:53'),(78,62,100,'Id doloremque mollitia voluptatem molestiae ut qui aliquid aperiam. Est ex placeat aspernatur ullam qui. Vel et sapiente expedita distinctio nam architecto. Voluptas quo impedit corporis sint illo.',0,0,'2010-04-15 20:44:27'),(79,114,72,'Nihil placeat libero ut sint corrupti. Et laudantium aliquid consequatur pariatur. Nam molestiae non ea praesentium. Asperiores officiis sed laudantium atque consequatur unde.',0,1,'1999-06-06 07:09:23'),(80,17,66,'Autem facere eveniet magnam iure. Alias mollitia nisi dolores adipisci. Consequuntur quos repellendus velit odio architecto quia. At perferendis fuga occaecati quo eos sit.',1,1,'1992-03-11 03:41:42'),(81,81,4,'Animi optio velit quaerat veniam et. Doloremque accusamus ut magni et. Incidunt hic aut enim quae doloribus. Aperiam voluptatem quo labore adipisci deserunt.',0,1,'2017-06-04 03:19:13'),(82,178,79,'Rerum sunt magni et minima sit est dolore. Et voluptatum quod est omnis in molestiae. Ab quis nihil enim consectetur cum aut. In adipisci eum ullam earum voluptatibus quae omnis.',0,1,'1981-12-02 14:40:23'),(83,61,67,'Et ratione id itaque molestiae natus. Perspiciatis non et natus vel dicta perspiciatis. Distinctio quia impedit animi minima. Voluptatibus quisquam autem dolorum expedita accusantium.',1,0,'1991-11-02 22:55:56'),(84,149,146,'Quis deleniti dolores dolores aperiam omnis cumque et sint. Odit nostrum aut atque et. Ab quo omnis numquam eum praesentium quaerat autem eius. Ut quos veniam harum officiis cum odit ea.',1,0,'1980-01-23 10:05:30'),(85,80,164,'Itaque sed est fugiat est. Dolore culpa est rerum culpa voluptatem ea. Soluta omnis tempora ex explicabo et. Debitis culpa molestiae accusamus id.',1,0,'1992-04-22 23:31:57'),(86,178,200,'Atque veniam ea accusamus ea sed odio. Delectus ut sed ex id ipsam. Quasi consequatur sint eos ea at est. Eos sit enim dolor.',0,1,'1981-11-07 01:14:23'),(87,62,113,'Aut qui aut nulla velit laboriosam. Tempora temporibus voluptatem est facilis qui vitae consequatur. Non quia deserunt eos quia ipsam neque incidunt. Vel vitae ab et dolores corporis nobis.',1,0,'1997-07-05 21:01:08'),(88,176,142,'Sed ad minima id repellat. Incidunt quae sunt fugit magni.',1,0,'2007-07-14 07:47:25'),(89,183,85,'At necessitatibus optio facere omnis impedit est et. Vel praesentium numquam tempora vel. Doloremque voluptatem voluptas et est magnam quia. Culpa officia placeat porro nostrum adipisci.',1,0,'2005-09-10 08:37:26'),(90,79,138,'Voluptates quo commodi quis maxime expedita est quos animi. Iusto ut dolorum facere nostrum.',1,0,'1974-04-12 16:17:34'),(91,53,51,'Sed delectus fugiat quibusdam ipsa odit error. Nulla odio quia aut ullam saepe rerum. Aut consequatur ad incidunt magnam neque consequatur.',0,0,'1979-12-02 22:38:02'),(92,96,127,'Sint autem voluptatem soluta iure enim. Ea cum voluptatum voluptas totam. Accusamus rerum nesciunt quis aut rem sint perferendis.',1,1,'1985-02-05 04:32:45'),(93,144,138,'Quaerat dicta inventore similique et. A molestias quidem expedita asperiores id et. Iste omnis eos doloribus ut.',0,0,'1989-12-01 21:15:39'),(94,59,81,'Et dolores aliquam corporis expedita omnis. Qui et et aut tempore est ducimus. Voluptatibus et totam quas aspernatur explicabo.',1,0,'2015-02-20 09:51:13'),(95,26,88,'Vel distinctio aut voluptatum atque labore consequatur sapiente. Accusamus saepe ut magni blanditiis maiores in voluptatem nam. Dolores quasi non sint quia qui in debitis. Recusandae corporis pariatur ullam adipisci sunt magni dolores.',0,1,'2007-09-28 07:09:49'),(96,161,139,'Vel sunt repellendus voluptatem et quis. Libero unde totam eveniet libero quisquam aut quos.',0,0,'2001-05-08 02:29:42'),(97,15,54,'Sed ut perspiciatis omnis sit voluptas dolorem nihil unde. Quam in sit voluptatem enim aut. Occaecati suscipit earum qui expedita illum. Consequatur unde vel nostrum consectetur dolore.',1,1,'1982-12-06 14:06:40'),(98,25,165,'Asperiores expedita harum accusantium et necessitatibus. Inventore sint corporis voluptatum nam consequatur enim sed. Sunt commodi quia ut molestiae atque dolor quasi eum. Eveniet voluptatibus architecto quis.',0,0,'2014-11-30 13:44:17'),(99,146,36,'Eum sequi sequi repellendus ea et qui veniam. Culpa cumque est ad molestias. Deserunt veniam voluptatem beatae saepe provident non.',1,1,'2002-10-08 17:57:42'),(100,143,6,'Voluptatem eum dolore tenetur eum. Fuga architecto ut recusandae ipsa. Est non eius in est rerum libero dignissimos.',0,0,'2012-08-04 09:12:41');
/*!40000 ALTER TABLE `messages` ENABLE KEYS */;
UNLOCK TABLES;

--
-- Table structure for table `profiles`
--

DROP TABLE IF EXISTS `profiles`;
/*!40101 SET @saved_cs_client     = @@character_set_client */;
/*!50503 SET character_set_client = utf8mb4 */;
CREATE TABLE `profiles` (
  `user_id` int(10) unsigned NOT NULL,
  `sex` char(1) CHARACTER SET utf8 COLLATE utf8_unicode_ci NOT NULL,
  `birthday` date DEFAULT NULL,
  `hometown` varchar(100) CHARACTER SET utf8 COLLATE utf8_unicode_ci DEFAULT NULL,
  `photo_id` int(10) unsigned NOT NULL,
  `updated_at` datetime DEFAULT CURRENT_TIMESTAMP ON UPDATE CURRENT_TIMESTAMP,
  PRIMARY KEY (`user_id`)
) ENGINE=InnoDB DEFAULT CHARSET=utf8 COLLATE=utf8_unicode_ci;
/*!40101 SET character_set_client = @saved_cs_client */;

--
-- Dumping data for table `profiles`
--

LOCK TABLES `profiles` WRITE;
/*!40000 ALTER TABLE `profiles` DISABLE KEYS */;
INSERT INTO `profiles` VALUES (1,'f','1994-10-29','Wolfffort',1,'2020-01-07 15:04:06'),(2,'f','1993-01-16','Ankundingland',2,'2020-01-07 15:04:06'),(3,'f','1996-12-10','Lake Granville',3,'2020-01-07 15:04:06'),(4,'f','1996-04-29','New Romanmouth',4,'2020-01-07 15:04:06'),(5,'m','2017-05-06','Caitlyntown',5,'2020-01-07 15:04:06'),(6,'f','1992-11-17','Shannyland',6,'2020-01-07 15:04:06'),(7,'m','2006-12-24','North Shanelstad',7,'2020-01-07 15:04:06'),(8,'m','1976-12-06','New Rita',8,'2020-01-07 15:04:06'),(9,'m','1987-08-07','Port Maeve',9,'2020-01-07 15:04:06'),(10,'m','1975-10-14','East Beaulah',10,'2020-01-07 15:04:06'),(11,'f','1981-02-18','New Rosalynfort',11,'2020-01-07 15:04:06'),(12,'f','1981-09-30','Cathrinestad',12,'2020-01-07 15:04:06'),(13,'f','2014-06-09','Lake Tiara',13,'2020-01-07 15:04:06'),(14,'m','1996-08-19','Olsonburgh',14,'2020-01-07 15:04:06'),(15,'m','2000-06-04','Wolfbury',15,'2020-01-07 15:04:06'),(16,'m','1982-06-21','Port Connietown',16,'2020-01-07 15:04:06'),(17,'m','2017-02-10','Danielside',17,'2020-01-07 15:04:06'),(18,'m','2010-12-10','Walshstad',18,'2020-01-07 15:04:06'),(19,'f','2001-05-27','Naomishire',19,'2020-01-07 15:04:06'),(20,'f','1991-01-20','South Neva',20,'2020-01-07 15:04:06'),(21,'f','1981-07-28','Port Howardview',21,'2020-01-07 15:04:06'),(22,'m','1990-06-12','Turnerfurt',22,'2020-01-07 15:04:06'),(23,'m','1988-09-13','Wilfridville',23,'2020-01-07 15:04:06'),(24,'m','1978-01-02','South Maybelleburgh',24,'2020-01-07 15:04:06'),(25,'f','1990-07-15','Port Trentonfurt',25,'2020-01-07 15:04:06'),(26,'f','1984-06-29','Maraport',26,'2020-01-07 15:04:06'),(27,'f','2014-05-16','Reillymouth',27,'2020-01-07 15:04:06'),(28,'m','2012-10-10','Kellibury',28,'2020-01-07 15:04:06'),(29,'m','1990-05-30','New Juwanmouth',29,'2020-01-07 15:04:06'),(30,'f','1986-05-13','New Julio',30,'2020-01-07 15:04:06'),(31,'f','1972-03-01','North Ovaside',31,'2020-01-07 15:04:06'),(32,'f','1984-05-03','Leoside',32,'2020-01-07 15:04:06'),(33,'m','2007-12-08','Charlenehaven',33,'2020-01-07 15:04:06'),(34,'f','2003-06-09','New Lucienne',34,'2020-01-07 15:04:06'),(35,'f','1980-11-06','West Kathleen',35,'2020-01-07 15:04:06'),(36,'f','1997-07-19','Lake Samanthaburgh',36,'2020-01-07 15:04:06'),(37,'f','2004-11-02','Port Clevetown',37,'2020-01-07 15:04:06'),(38,'m','1999-07-14','North Wallaceborough',38,'2020-01-07 15:04:06'),(39,'f','2000-11-23','Lednerside',39,'2020-01-07 15:04:06'),(40,'m','1978-04-18','East King',40,'2020-01-07 15:04:06'),(41,'m','2003-08-15','North Zelmafurt',41,'2020-01-07 15:04:06'),(42,'m','1987-05-27','Marisafurt',42,'2020-01-07 15:04:06'),(43,'f','2018-12-30','East Lylatown',43,'2020-01-07 15:04:06'),(44,'m','2011-05-07','New Lloyd',44,'2020-01-07 15:04:06'),(45,'f','1973-07-10','West Kaia',45,'2020-01-07 15:04:06'),(46,'m','1976-06-07','South Mohamedborough',46,'2020-01-07 15:04:06'),(47,'m','1993-02-12','West Angeloburgh',47,'2020-01-07 15:04:06'),(48,'m','2007-06-21','Elodyfurt',48,'2020-01-07 15:04:06'),(49,'f','2007-11-05','Fredmouth',49,'2020-01-07 15:04:06'),(50,'f','1998-12-22','Prosaccotown',50,'2020-01-07 15:04:06'),(51,'m','2007-05-19','Erniechester',51,'2020-01-07 15:04:06'),(52,'f','2014-01-12','Gracielafurt',52,'2020-01-07 15:04:06'),(53,'f','1979-12-28','Hickleview',53,'2020-01-07 15:04:06'),(54,'f','2007-07-17','Port Warren',54,'2020-01-07 15:04:06'),(55,'f','2013-10-31','Lake Kirstin',55,'2020-01-07 15:04:06'),(56,'m','1986-02-14','Reingerport',56,'2020-01-07 15:04:06'),(57,'m','2010-07-27','South Crystel',57,'2020-01-07 15:04:06'),(58,'f','2000-10-18','East Joany',58,'2020-01-07 15:04:06'),(59,'m','1973-12-10','East Gregoryshire',59,'2020-01-07 15:04:06'),(60,'f','1999-07-04','Port Shanny',60,'2020-01-07 15:04:06'),(61,'f','1976-06-17','Port Tremaineland',61,'2020-01-07 15:04:06'),(62,'f','1977-08-11','Maevefort',62,'2020-01-07 15:04:06'),(63,'f','2007-04-28','East Rutheville',63,'2020-01-07 15:04:06'),(64,'f','1980-07-28','Serenabury',64,'2020-01-07 15:04:06'),(65,'m','2002-03-23','New Alan',65,'2020-01-07 15:04:06'),(66,'f','2011-04-02','Kihnfort',66,'2020-01-07 15:04:06'),(67,'f','2006-04-09','Port Crystel',67,'2020-01-07 15:04:06'),(68,'f','1997-03-01','North Kaleland',68,'2020-01-07 15:04:06'),(69,'f','1980-03-14','North Arnold',69,'2020-01-07 15:04:06'),(70,'f','1972-08-26','West Henriettetown',70,'2020-01-07 15:04:06'),(71,'m','2002-12-23','West Reilly',71,'2020-01-07 15:04:06'),(72,'f','1998-05-07','Jadonton',72,'2020-01-07 15:04:06'),(73,'f','2012-05-20','Abdulfurt',73,'2020-01-07 15:04:06'),(74,'f','1998-04-16','Greenfeldermouth',74,'2020-01-07 15:04:06'),(75,'f','1997-08-15','Quigleyside',75,'2020-01-07 15:04:06'),(76,'f','2006-07-28','West Price',76,'2020-01-07 15:04:06'),(77,'m','2006-08-10','Trantowport',77,'2020-01-07 15:04:06'),(78,'m','1980-08-16','Eddshire',78,'2020-01-07 15:04:06'),(79,'m','1992-03-12','Hodkiewiczborough',79,'2020-01-07 15:04:06'),(80,'f','2004-07-03','New Camryn',80,'2020-01-07 15:04:06'),(81,'m','1991-02-15','Eichmannmouth',81,'2020-01-07 15:04:06'),(82,'f','1992-05-18','West Roderickland',82,'2020-01-07 15:04:06'),(83,'f','1988-05-13','Electamouth',83,'2020-01-07 15:04:06'),(84,'m','1985-05-04','West Wilma',84,'2020-01-07 15:04:06'),(85,'m','1986-11-22','South Jasen',85,'2020-01-07 15:04:06'),(86,'f','2002-06-21','Rutheburgh',86,'2020-01-07 15:04:06'),(87,'f','1989-03-03','Felicityview',87,'2020-01-07 15:04:06'),(88,'m','2018-07-07','McDermottchester',88,'2020-01-07 15:04:06'),(89,'f','1988-10-07','Francescafurt',89,'2020-01-07 15:04:06'),(90,'f','1998-12-15','West Myrnabury',90,'2020-01-07 15:04:06'),(91,'f','1979-05-16','North Sharonshire',91,'2020-01-07 15:04:06'),(92,'m','1970-06-22','Tyrelbury',92,'2020-01-07 15:04:06'),(93,'m','2009-03-02','Murrayside',93,'2020-01-07 15:04:06'),(94,'f','1976-08-21','Blandaview',94,'2020-01-07 15:04:06'),(95,'m','1999-01-01','Delbertport',95,'2020-01-07 15:04:06'),(96,'m','2003-07-18','O\'Keefeland',96,'2020-01-07 15:04:06'),(97,'f','1992-08-21','New Isom',97,'2020-01-07 15:04:06'),(98,'m','2001-10-07','Port Carolanne',98,'2020-01-07 15:04:06'),(99,'f','2005-04-06','West Katlynton',99,'2020-01-07 15:04:06'),(100,'m','1994-06-08','Maiaville',100,'2020-01-07 15:04:06'),(101,'m','2007-03-02','Sylvesterfort',101,'2020-01-07 15:04:06'),(102,'m','2018-01-25','Herzogstad',102,'2020-01-07 15:04:06'),(103,'m','1997-04-12','Carrollfort',103,'2020-01-07 15:04:06'),(104,'m','2005-05-06','West Laverne',104,'2020-01-07 15:04:06'),(105,'m','1991-07-14','Greenholttown',105,'2020-01-07 15:04:06'),(106,'f','1998-01-27','Rosalindtown',106,'2020-01-07 15:04:06'),(107,'f','1975-09-02','Port Natalieland',107,'2020-01-07 15:04:06'),(108,'f','1983-03-03','Brakusmouth',108,'2020-01-07 15:04:06'),(109,'f','2005-05-31','Onashire',109,'2020-01-07 15:04:06'),(110,'m','2019-11-20','Schuppetown',110,'2020-01-07 15:04:06'),(111,'m','2011-07-16','Dietrichfort',111,'2020-01-07 15:04:06'),(112,'m','2019-07-23','West Sophia',112,'2020-01-07 15:04:06'),(113,'m','2008-01-04','South Kelli',113,'2020-01-07 15:04:06'),(114,'m','1993-09-12','Shieldsville',114,'2020-01-07 15:04:06'),(115,'m','2015-02-04','Brittanychester',115,'2020-01-07 15:04:06'),(116,'m','2018-01-20','Kuhlmanstad',116,'2020-01-07 15:04:06'),(117,'m','2007-04-15','East Alexie',117,'2020-01-07 15:04:06'),(118,'f','1986-03-21','Mozelleview',118,'2020-01-07 15:04:06'),(119,'f','2016-12-27','Elizaton',119,'2020-01-07 15:04:06'),(120,'f','1978-09-23','Lake Abbystad',120,'2020-01-07 15:04:06'),(121,'f','2004-10-22','West Annamae',121,'2020-01-07 15:04:06'),(122,'f','1990-10-05','New Garrison',122,'2020-01-07 15:04:06'),(123,'m','1970-06-11','North Esperanza',123,'2020-01-07 15:04:06'),(124,'m','2015-07-23','Eduardofort',124,'2020-01-07 15:04:06'),(125,'f','2009-10-09','Jonathonmouth',125,'2020-01-07 15:04:06'),(126,'f','1991-11-29','Port Floydbury',126,'2020-01-07 15:04:06'),(127,'f','2002-04-11','Samirhaven',127,'2020-01-07 15:04:06'),(128,'m','2016-06-04','West Jayceeview',128,'2020-01-07 15:04:06'),(129,'f','2003-06-09','Ashlynnland',129,'2020-01-07 15:04:06'),(130,'m','1992-04-23','Port Creolachester',130,'2020-01-07 15:04:06'),(131,'f','2010-05-16','New Joey',131,'2020-01-07 15:04:06'),(132,'f','1979-10-23','Derrickhaven',132,'2020-01-07 15:04:06'),(133,'f','2010-09-13','South Isadorestad',133,'2020-01-07 15:04:06'),(134,'f','2008-02-20','South Lorenborough',134,'2020-01-07 15:04:06'),(135,'f','1990-08-25','Kuhnmouth',135,'2020-01-07 15:04:06'),(136,'f','1976-03-28','Linneaberg',136,'2020-01-07 15:04:06'),(137,'f','1995-03-07','West Alexandrea',137,'2020-01-07 15:04:06'),(138,'m','1995-10-13','Schimmelfort',138,'2020-01-07 15:04:06'),(139,'m','1973-07-08','Brekkeville',139,'2020-01-07 15:04:06'),(140,'m','1977-06-23','Lake Trevorville',140,'2020-01-07 15:04:06'),(141,'m','2017-08-11','South Elenor',141,'2020-01-07 15:04:06'),(142,'f','2018-05-29','Schadenport',142,'2020-01-07 15:04:06'),(143,'f','2003-06-28','Trompview',143,'2020-01-07 15:04:06'),(144,'m','1980-11-26','West Greysonhaven',144,'2020-01-07 15:04:06'),(145,'f','2015-10-05','Mervinbury',145,'2020-01-07 15:04:06'),(146,'m','1992-05-23','Lake Colten',146,'2020-01-07 15:04:06'),(147,'f','1999-06-14','North Alexandriashire',147,'2020-01-07 15:04:06'),(148,'m','1991-03-31','Jeanieside',148,'2020-01-07 15:04:06'),(149,'m','1999-09-03','Port Allenport',149,'2020-01-07 15:04:06'),(150,'m','2009-08-13','South William',150,'2020-01-07 15:04:06'),(151,'f','1982-03-27','Beckerchester',151,'2020-01-07 15:04:06'),(152,'m','1991-02-11','Pattietown',152,'2020-01-07 15:04:06'),(153,'m','1982-04-18','Nyahhaven',153,'2020-01-07 15:04:06'),(154,'f','1977-09-21','South Danamouth',154,'2020-01-07 15:04:06'),(155,'m','1985-04-10','North Richmondside',155,'2020-01-07 15:04:06'),(156,'f','1987-10-30','New Caroline',156,'2020-01-07 15:04:06'),(157,'f','1978-02-07','East Rowland',157,'2020-01-07 15:04:06'),(158,'f','2007-05-06','Mayertside',158,'2020-01-07 15:04:06'),(159,'m','1971-12-16','Port Novella',159,'2020-01-07 15:04:06'),(160,'f','1984-01-31','Jastfurt',160,'2020-01-07 15:04:06'),(161,'m','1974-09-17','North Lera',161,'2020-01-07 15:04:06'),(162,'f','1987-12-30','Collinsside',162,'2020-01-07 15:04:06'),(163,'m','1978-09-02','Weberberg',163,'2020-01-07 15:04:06'),(164,'f','1973-08-18','Alycefurt',164,'2020-01-07 15:04:06'),(165,'m','2003-12-21','Willmsborough',165,'2020-01-07 15:04:06'),(166,'m','2008-04-21','Yundtberg',166,'2020-01-07 15:04:06'),(167,'m','1975-10-14','Yostview',167,'2020-01-07 15:04:06'),(168,'m','1983-08-20','New Esteban',168,'2020-01-07 15:04:06'),(169,'m','2015-10-02','North Shanna',169,'2020-01-07 15:04:06'),(170,'m','1992-10-30','South Leonardoborough',170,'2020-01-07 15:04:06'),(171,'m','1996-03-23','Meredithmouth',171,'2020-01-07 15:04:06'),(172,'f','1978-02-08','Collinshaven',172,'2020-01-07 15:04:06'),(173,'m','1985-06-20','Mantehaven',173,'2020-01-07 15:04:06'),(174,'f','2008-07-01','New Lavonnemouth',174,'2020-01-07 15:04:06'),(175,'f','1989-08-27','Kreigerton',175,'2020-01-07 15:04:06'),(176,'f','1997-10-21','Kadenville',176,'2020-01-07 15:04:06'),(177,'m','1971-07-16','Batzborough',177,'2020-01-07 15:04:06'),(178,'f','1995-08-03','Port Willyfort',178,'2020-01-07 15:04:06'),(179,'f','1978-07-10','East Ernestina',179,'2020-01-07 15:04:06'),(180,'m','1982-11-23','East Elsa',180,'2020-01-07 15:04:06'),(181,'f','2000-05-02','South Larissaborough',181,'2020-01-07 15:04:06'),(182,'m','1992-04-09','Kozeytown',182,'2020-01-07 15:04:06'),(183,'f','2016-01-21','East Princessstad',183,'2020-01-07 15:04:06'),(184,'m','2000-09-22','Jannieberg',184,'2020-01-07 15:04:06'),(185,'m','1984-10-20','Johnsonborough',185,'2020-01-07 15:04:06'),(186,'m','2015-01-11','Wisokyberg',186,'2020-01-07 15:04:06'),(187,'f','1972-06-16','North Kian',187,'2020-01-07 15:04:06'),(188,'f','2015-10-14','South Catherineview',188,'2020-01-07 15:04:06'),(189,'f','2008-07-27','Parkerside',189,'2020-01-07 15:04:06'),(190,'m','1980-05-31','Port Gaylordville',190,'2020-01-07 15:04:06'),(191,'f','2009-01-26','Kesslerland',191,'2020-01-07 15:04:06'),(192,'m','1996-10-19','East Adolphton',192,'2020-01-07 15:04:06'),(193,'f','1999-12-30','Borerport',193,'2020-01-07 15:04:06'),(194,'m','1997-04-28','Imanistad',194,'2020-01-07 15:04:06'),(195,'m','1977-06-10','South Roxane',195,'2020-01-07 15:04:06'),(196,'m','2011-12-29','Prohaskaport',196,'2020-01-07 15:04:06'),(197,'f','1973-11-02','Lake Abagailville',197,'2020-01-07 15:04:06'),(198,'m','2019-12-23','Fayland',198,'2020-01-07 15:04:06'),(199,'f','2010-12-11','Lake Adonis',199,'2020-01-07 15:04:06'),(200,'f','1994-02-23','Port Meggieburgh',200,'2020-01-07 15:04:06');
/*!40000 ALTER TABLE `profiles` ENABLE KEYS */;
UNLOCK TABLES;

--
-- Table structure for table `users`
--

DROP TABLE IF EXISTS `users`;
/*!40101 SET @saved_cs_client     = @@character_set_client */;
/*!50503 SET character_set_client = utf8mb4 */;
CREATE TABLE `users` (
  `id` int(10) unsigned NOT NULL AUTO_INCREMENT,
  `first_name` varchar(100) CHARACTER SET utf8 COLLATE utf8_unicode_ci NOT NULL,
  `last_name` varchar(100) CHARACTER SET utf8 COLLATE utf8_unicode_ci NOT NULL,
  `email` varchar(120) CHARACTER SET utf8 COLLATE utf8_unicode_ci NOT NULL,
  `phone` varchar(120) CHARACTER SET utf8 COLLATE utf8_unicode_ci NOT NULL,
  `created_at` datetime DEFAULT CURRENT_TIMESTAMP,
  `updated_at` datetime DEFAULT CURRENT_TIMESTAMP ON UPDATE CURRENT_TIMESTAMP,
  PRIMARY KEY (`id`),
  UNIQUE KEY `email` (`email`),
  UNIQUE KEY `phone` (`phone`)
) ENGINE=InnoDB AUTO_INCREMENT=201 DEFAULT CHARSET=utf8 COLLATE=utf8_unicode_ci;
/*!40101 SET character_set_client = @saved_cs_client */;

--
-- Dumping data for table `users`
--

LOCK TABLES `users` WRITE;
/*!40000 ALTER TABLE `users` DISABLE KEYS */;
INSERT INTO `users` VALUES (1,'Maynard','Reinger','bailey.luella@hotmail.com','(013)745-2361x83345','2002-09-07 01:52:16','2008-07-18 10:38:58'),(2,'Mya','Dooley','garrison.murphy@hotmail.com','+29(7)0947959704','2002-06-04 01:35:35','2019-12-11 05:37:03'),(3,'Kali','Ritchie','lacey.dicki@hotmail.com','(622)417-4385x8995','1984-10-09 09:59:04','1996-08-19 10:44:00'),(4,'Edgar','Moore','yrau@yahoo.com','134.020.6710x43081','1996-01-04 10:26:06','1986-06-19 09:09:13'),(5,'Johann','Fay','bfay@hotmail.com','254-740-4775x056','2018-05-09 11:16:23','2001-02-20 19:28:13'),(6,'Cecile','Halvorson','jnikolaus@yahoo.com','(852)047-9472','1974-12-24 21:45:14','2017-04-30 06:51:11'),(7,'Ethyl','Tromp','maya98@gmail.com','(087)727-7787x8204','1984-08-11 08:59:12','1992-09-11 15:47:52'),(8,'Keyon','Anderson','blanca.schowalter@gmail.com','1-314-977-6563','1983-08-24 08:17:49','2013-05-17 08:05:26'),(9,'Maggie','Will','ziemann.darrell@yahoo.com','421.448.5263x919','1982-05-25 22:56:55','2005-02-13 11:54:45'),(10,'Granville','Lang','marcella.medhurst@hotmail.com','(064)442-2892x380','1981-11-21 08:54:32','2004-12-11 22:38:10'),(11,'Reinhold','Ernser','nya73@gmail.com','1-474-501-3391','1984-12-03 17:58:12','2003-02-12 03:46:52'),(12,'Mayra','Heidenreich','daija.hills@yahoo.com','591.553.0424x94490','1996-05-28 12:44:28','1981-08-30 21:39:43'),(13,'Janie','Kuhlman','elliot65@gmail.com','(696)819-7032','1971-04-11 23:35:42','2004-02-17 21:25:27'),(14,'Gage','Ritchie','danielle.goyette@hotmail.com','(177)789-6395x4872','2004-04-01 05:12:51','1987-07-12 11:26:13'),(15,'Travis','Douglas','tomasa.grimes@yahoo.com','+31(0)8707646607','2010-04-18 13:20:11','2004-11-29 17:44:11'),(16,'Jerod','Lind','raynor.jan@hotmail.com','(218)114-9971x1200','1980-06-02 00:06:05','2002-06-18 08:05:50'),(17,'Dahlia','Keeling','o\'reilly.lexie@gmail.com','(288)252-6350','1982-07-21 02:51:22','2007-04-22 19:33:50'),(18,'Gina','Nader','golden.brakus@hotmail.com','(772)236-0581','1993-07-14 17:21:23','2012-12-11 16:40:48'),(19,'Desmond','Hintz','hilbert88@gmail.com','1-302-894-3421x856','2008-09-17 10:24:24','2002-01-14 04:31:03'),(20,'Lawson','Reichel','will.betty@yahoo.com','+60(5)0828565754','1986-08-27 18:43:43','2013-11-04 13:47:32'),(21,'Sonia','Spencer','kherman@hotmail.com','03731197294','2009-04-23 22:27:03','2012-05-13 05:22:38'),(22,'Janiya','Smith','kendrick.schmeler@yahoo.com','(824)325-4697','1976-06-20 14:10:28','1977-11-16 05:30:36'),(23,'Pearline','DuBuque','dach.krystal@hotmail.com','431.002.3605','1973-05-31 03:38:18','2016-06-27 10:30:44'),(24,'Deanna','Predovic','devyn.adams@gmail.com','04354633703','2005-08-09 20:17:10','2016-11-30 19:21:51'),(25,'Davion','Stanton','pblock@yahoo.com','812-259-1781x20240','2009-02-27 01:45:57','1995-06-24 23:07:37'),(26,'Doyle','Kuhlman','skonopelski@yahoo.com','+96(5)8384396136','1984-01-22 16:15:33','2006-02-26 13:03:19'),(27,'Alyson','Satterfield','maxime45@yahoo.com','1-919-809-7540','1978-12-21 18:16:39','1996-01-21 11:55:50'),(28,'Kelsi','Maggio','marc.keeling@gmail.com','+37(9)4980575138','1983-10-04 04:11:57','1989-09-21 22:42:57'),(29,'Evangeline','Green','pemmerich@yahoo.com','(544)542-4631x5803','2007-04-24 21:49:56','1981-01-05 06:14:55'),(30,'Elena','Bayer','everette.langworth@gmail.com','600.607.8453x874','1975-08-13 23:55:40','1975-08-25 01:08:58'),(31,'Aliza','Doyle','joy96@gmail.com','1-546-473-4428x962','2001-05-26 23:49:26','2019-06-17 12:08:02'),(32,'Vinnie','Koch','jhayes@hotmail.com','733-228-5082x83699','1996-06-27 16:22:16','2004-01-09 07:22:49'),(33,'Daniella','Connelly','ddouglas@yahoo.com','(246)107-5233','1985-04-15 15:03:39','1977-07-27 22:27:25'),(34,'Kellie','Ankunding','owen.nikolaus@gmail.com','236.514.6035','2015-11-12 21:26:43','2006-01-26 20:58:07'),(35,'Janis','Watsica','torp.anabelle@gmail.com','1-926-490-7714x7200','2002-10-23 13:06:36','2008-12-14 14:13:49'),(36,'Reese','O\'Reilly','reichert.genesis@gmail.com','941.637.1342x03080','2017-06-22 21:23:55','1972-11-01 02:23:20'),(37,'Ayana','Luettgen','fkeebler@hotmail.com','431.233.7959','2016-08-28 15:53:56','1996-05-06 23:06:27'),(38,'Meghan','Bogisich','ifeest@gmail.com','269.314.5358','1992-02-03 02:54:00','1978-07-10 07:31:10'),(39,'Kim','Rempel','arianna03@gmail.com','548.623.5328x682','1988-06-27 17:24:18','2016-10-20 17:54:15'),(40,'Elena','Lubowitz','wilfrid.o\'keefe@yahoo.com','(399)720-0405x102','1972-04-21 10:45:42','1990-12-12 03:14:50'),(41,'Tod','Klein','antonio.raynor@yahoo.com','783.536.8568x9830','2007-06-14 00:16:39','2006-03-29 05:20:08'),(42,'Lera','Heller','saul.reichert@hotmail.com','740.780.6067','2013-08-24 02:45:38','1992-03-25 15:46:11'),(43,'Norene','Weissnat','sammy38@yahoo.com','607-906-1826x0227','2002-07-09 21:24:32','1988-09-20 13:43:16'),(44,'Kailyn','Ortiz','langosh.rosa@hotmail.com','(886)357-1643x1317','1976-10-15 01:19:42','2001-04-27 07:37:44'),(45,'Breana','Oberbrunner','ortiz.mariana@hotmail.com','1-607-458-3207x092','1995-12-02 11:55:39','1993-03-22 14:14:30'),(46,'Ludwig','Bartoletti','dlebsack@hotmail.com','503.438.9273x16842','2018-02-25 21:14:10','2003-11-13 14:59:46'),(47,'Rashawn','Treutel','tad94@hotmail.com','701-483-0908x25574','1973-08-14 13:51:23','1991-02-10 10:54:45'),(48,'Adell','Bergnaum','leopoldo.will@gmail.com','1-643-462-3697x709','1995-08-12 11:21:35','1995-12-24 11:03:21'),(49,'Gerardo','Bergstrom','arnold.gerhold@gmail.com','1-378-019-7197x21901','2018-11-11 03:40:31','1975-09-11 02:29:27'),(50,'Lessie','Strosin','adam.hudson@yahoo.com','+03(0)6567019918','1983-04-12 02:26:13','1980-07-28 07:52:43'),(51,'Hayden','Mills','kunze.rosalee@gmail.com','1-438-478-1204x74590','1976-03-29 13:19:42','1989-04-07 11:51:58'),(52,'Micah','Torp','meda.dach@hotmail.com','082-744-7909x78763','2006-04-08 21:09:28','1994-07-29 07:42:37'),(53,'Trevor','Koelpin','block.emily@yahoo.com','+74(6)4525675725','1971-11-25 10:11:59','1994-01-10 13:10:56'),(54,'Wilma','Kessler','collier.anika@yahoo.com','295-884-3162','1984-02-09 18:33:46','1978-09-15 22:26:45'),(55,'Francesca','Okuneva','tlang@gmail.com','758-852-8712x7931','2013-04-30 00:34:41','1996-08-13 08:35:29'),(56,'Rosalyn','Gulgowski','nstiedemann@hotmail.com','260.956.2856x595','1973-11-07 06:34:03','1980-08-13 15:58:36'),(57,'Viva','Dickinson','jgulgowski@yahoo.com','+18(4)6077585473','1994-09-30 10:03:33','1998-05-14 16:31:16'),(58,'Toy','Dickinson','colleen04@hotmail.com','(586)260-8117','1978-08-29 14:32:54','1989-01-16 23:57:51'),(59,'Melissa','O\'Keefe','vincenzo30@hotmail.com','1-655-268-5644x87812','1992-01-27 19:45:41','2000-09-18 01:58:18'),(60,'Gerson','DuBuque','tyler50@hotmail.com','(968)783-6797','2008-09-02 11:52:49','1979-07-31 19:46:25'),(61,'Damaris','Lynch','whomenick@gmail.com','(290)786-2495x66920','1984-08-26 01:28:18','1984-01-09 13:17:10'),(62,'Tyra','Kreiger','rowe.norval@gmail.com','+50(3)2767950983','2010-04-05 21:11:35','2008-04-04 15:37:11'),(63,'Domenica','Bailey','alysha.stamm@hotmail.com','887-487-7311','2002-05-29 17:00:26','2016-07-05 11:31:04'),(64,'Kiera','Treutel','eulah92@gmail.com','(486)930-7068','1975-04-12 04:48:37','1978-09-18 08:17:22'),(65,'Clovis','Auer','jonas.johns@gmail.com','833-984-1820x6618','2009-02-16 16:54:43','2011-12-05 03:50:36'),(66,'Berta','Johnson','brendan.dooley@hotmail.com','04592512438','1972-06-05 21:27:54','1985-08-07 21:35:07'),(67,'Shanelle','Langosh','shaun09@hotmail.com','(234)428-9722','2015-09-15 20:14:49','1981-02-13 12:48:41'),(68,'Nona','Price','dgleason@gmail.com','+66(0)1201002063','2017-09-17 18:04:40','2005-07-09 19:39:03'),(69,'Sincere','Bergnaum','leonardo.quitzon@hotmail.com','(538)382-3001','1987-03-09 14:20:03','2013-06-21 19:49:20'),(70,'Chance','Heller','herman.giovanny@hotmail.com','670.388.7902x508','1986-05-17 01:25:23','1973-09-28 22:10:08'),(71,'Brandon','Schmidt','dakota45@yahoo.com','604-025-5022x2152','1995-12-09 14:28:37','1977-04-18 02:02:06'),(72,'Lynn','Borer','hunter.treutel@gmail.com','1-193-402-3334x57251','2019-10-13 17:47:32','2015-04-14 18:28:03'),(73,'Enos','Wehner','hannah.turner@gmail.com','06784636631','1986-11-29 04:09:06','1983-11-02 00:07:00'),(74,'Zachary','Glover','rwiegand@yahoo.com','125.949.5983x230','2006-10-21 18:03:19','1980-07-05 19:54:43'),(75,'Kari','Hodkiewicz','bernhard.casper@gmail.com','616-516-6834x1656','2006-09-15 00:18:08','1976-09-30 10:53:49'),(76,'Adolf','VonRueden','marques.kuhn@yahoo.com','454.567.3946','1984-06-21 01:00:03','1985-07-11 03:45:57'),(77,'Archibald','Walsh','yesenia.hamill@hotmail.com','886-099-3994x10810','1977-01-21 04:43:55','1983-03-03 22:17:20'),(78,'Eduardo','Wolf','laurianne.schaden@gmail.com','928.519.4507x87244','2005-04-12 15:44:44','1990-04-27 12:19:05'),(79,'Adele','Effertz','baumbach.emely@hotmail.com','840.821.0520','2012-06-23 18:57:40','1993-05-12 14:49:14'),(80,'Justus','Jerde','franecki.aaron@hotmail.com','(423)072-5814','1998-06-27 21:56:53','1999-02-25 04:11:21'),(81,'Korbin','Dietrich','ucorkery@gmail.com','+96(9)9827435203','2004-05-23 16:33:12','1972-11-16 19:25:36'),(82,'Tyson','Brown','mrogahn@gmail.com','462-779-2845x77969','2007-10-13 10:09:03','2008-05-04 07:06:54'),(83,'Geovanni','Johnson','ndickens@hotmail.com','(525)316-5097x8922','1979-04-05 01:34:12','2000-12-23 11:08:21'),(84,'Gladys','Gleason','abbie.bergnaum@gmail.com','230-047-0779','1972-07-08 11:08:33','2018-06-02 10:35:23'),(85,'Cole','Rohan','dee.bogisich@gmail.com','017.854.4400x777','1985-04-01 18:29:57','2002-04-10 15:54:44'),(86,'Marguerite','Lebsack','zkozey@gmail.com','(932)646-8943x720','1980-06-14 12:45:04','1986-02-11 12:41:11'),(87,'Eudora','Muller','ophelia.paucek@hotmail.com','840-437-4457x55732','1981-05-13 03:26:37','2013-06-18 14:35:38'),(88,'Leopoldo','Luettgen','ruecker.greyson@hotmail.com','1-855-320-3053','1988-04-14 23:24:56','2013-05-22 00:53:26'),(89,'Jovani','Farrell','lmurazik@hotmail.com','896-682-3891x45802','1984-04-15 09:57:41','1983-09-13 20:49:33'),(90,'Dayna','Kemmer','jayme22@gmail.com','09916812065','1992-10-02 09:00:21','2009-11-17 07:14:18'),(91,'Tobin','Wisoky','twolff@yahoo.com','052.305.4998x64947','1971-08-28 14:55:40','1992-02-07 14:06:56'),(92,'Augustine','Kutch','white.clinton@yahoo.com','+24(1)9995891087','1996-09-03 07:38:21','1981-03-13 02:57:55'),(93,'Quincy','Langworth','madelyn.hilll@hotmail.com','075.232.0541x81494','2014-11-26 09:34:36','2013-08-06 21:43:22'),(94,'Emma','Schowalter','fspencer@hotmail.com','(110)130-3317x3198','2018-03-11 18:14:04','1979-05-17 18:44:49'),(95,'Gerardo','Cormier','reva.dooley@hotmail.com','(602)986-4934x42896','1979-04-03 21:56:57','1995-04-28 10:51:07'),(96,'Howell','Prohaska','mondricka@gmail.com','(397)766-8081x4983','1993-05-28 14:56:20','2015-07-25 13:24:15'),(97,'Arlo','Carter','muller.maye@hotmail.com','07311357688','2003-06-06 08:29:47','1971-06-10 22:04:27'),(98,'Ida','Luettgen','plemke@hotmail.com','688.830.1189x136','1980-12-21 03:18:26','1976-06-05 10:39:43'),(99,'Marilie','Schumm','mark87@yahoo.com','384.578.1778x4713','2019-02-03 17:04:09','2009-05-06 16:01:46'),(100,'Andreane','Littel','gina43@yahoo.com','(693)257-1786','2017-11-22 04:50:26','1993-04-03 02:28:29'),(101,'Gretchen','Kirlin','bward@hotmail.com','587-242-3876x524','1983-02-17 09:14:17','1972-12-12 11:47:20'),(102,'Jake','Abshire','wd\'amore@gmail.com','518.891.3497','2019-07-04 20:09:07','2018-12-22 18:54:48'),(103,'Enos','McDermott','upowlowski@hotmail.com','954.371.8133x1699','1976-07-21 18:04:19','1970-03-11 21:19:44'),(104,'Aimee','Feest','jeanne13@yahoo.com','+10(4)2764623160','2018-01-27 01:53:21','1985-09-30 11:09:38'),(105,'Melyssa','Stanton','senger.earnestine@hotmail.com','390.342.9950','1990-07-29 20:28:58','2005-01-30 06:11:54'),(106,'Jalen','Casper','donnie.gleason@hotmail.com','+94(2)7764543570','2005-11-11 03:49:25','2015-05-04 01:49:45'),(107,'Mathias','Jacobi','glenda63@yahoo.com','529.933.1246x37704','1995-10-13 08:05:20','1975-10-18 00:02:25'),(108,'Finn','Legros','sbarton@gmail.com','+54(0)2352958823','1974-08-13 18:38:28','1978-07-23 22:36:30'),(109,'Jillian','Renner','clifton15@gmail.com','973-342-7734x17178','1994-11-23 09:25:33','1984-07-20 08:46:44'),(110,'Kiana','Hahn','dave45@hotmail.com','07927815094','2019-12-09 19:31:38','1979-05-16 13:39:11'),(111,'Luigi','Braun','mgoodwin@yahoo.com','320-959-7801x987','1970-08-30 00:54:13','2007-07-01 14:18:56'),(112,'Danial','Bechtelar','turcotte.fleta@hotmail.com','(035)475-6462x3366','2002-07-30 08:27:11','2009-12-03 02:49:51'),(113,'Columbus','Feest','lilly.wintheiser@gmail.com','277-156-4511','2003-06-07 04:56:44','1992-07-18 08:22:07'),(114,'Billie','Ortiz','o\'reilly.jimmy@gmail.com','191-555-5211','2004-09-23 03:44:43','1984-08-25 16:05:33'),(115,'Geovany','Kassulke','nbashirian@yahoo.com','422-161-9971x649','1997-06-28 12:47:57','1975-12-21 02:50:31'),(116,'Loraine','DuBuque','pmclaughlin@yahoo.com','(628)766-5344','1993-11-15 15:01:55','1986-01-28 20:58:39'),(117,'Jackeline','Labadie','bmorar@yahoo.com','915.077.1606','1977-03-10 20:23:13','1973-07-24 03:44:35'),(118,'Maude','Parker','autumn14@gmail.com','03571913234','2003-08-16 00:50:19','1976-07-29 06:02:03'),(119,'Florine','Nitzsche','august08@gmail.com','548-853-6698','2017-06-10 05:38:50','2008-10-21 08:26:28'),(120,'Korbin','Bradtke','wbernhard@yahoo.com','05486333890','2006-07-17 18:15:09','1970-06-09 04:25:19'),(121,'Pinkie','Gislason','toy.ismael@gmail.com','(760)817-5509x234','2016-10-04 05:50:26','1984-09-29 21:52:13'),(122,'Abby','Bednar','marshall31@yahoo.com','864-218-9335x51725','1981-03-08 23:07:29','1984-09-17 20:06:06'),(123,'Otilia','Harvey','cormier.nora@yahoo.com','310-843-2312x655','1982-06-06 05:32:25','2017-02-17 08:25:59'),(124,'Otis','Kiehn','jacobs.lucy@yahoo.com','326-064-2609','1997-04-14 15:14:17','1982-10-13 13:44:51'),(125,'Torey','Barton','zmaggio@gmail.com','1-427-001-2277x14937','1971-03-21 20:36:08','2008-12-27 15:39:40'),(126,'Allen','Jast','llang@hotmail.com','345-105-4734x9275','2019-04-17 12:12:02','1975-02-02 16:46:07'),(127,'Pedro','Yundt','batz.davion@hotmail.com','(188)543-5540x1354','1995-02-09 16:57:40','2018-01-21 11:42:04'),(128,'Mariela','Rau','ithiel@yahoo.com','(766)944-4871x30418','2003-06-18 02:23:30','2016-12-29 06:25:00'),(129,'Jason','Boyle','abe.thompson@gmail.com','00236987206','1987-04-26 20:21:24','1996-03-07 14:50:05'),(130,'Elmer','Schoen','vlind@gmail.com','1-005-239-2361','1986-10-27 09:01:16','1998-06-22 09:08:16'),(131,'Jadyn','Carter','pacocha.bud@yahoo.com','501-894-3136','2017-10-08 04:28:21','1977-04-10 22:20:28'),(132,'Jermey','Thompson','scot71@gmail.com','09345454215','1988-11-30 23:30:44','2008-11-14 12:00:23'),(133,'Madalyn','Sanford','boris32@yahoo.com','301.626.3669x28091','2014-08-06 23:40:22','1972-03-08 14:37:42'),(134,'Savanna','Koch','okemmer@hotmail.com','634-149-1599x27728','2008-11-15 23:14:50','2006-12-28 18:22:41'),(135,'Viola','Skiles','fokuneva@hotmail.com','+66(8)4688822953','2015-08-05 05:01:15','1983-02-21 20:21:12'),(136,'Aimee','Jones','tromp.carson@gmail.com','770.543.2506x86738','1991-03-28 00:09:08','2010-08-31 07:48:04'),(137,'Marguerite','Schowalter','breana.rohan@gmail.com','(173)577-1469x178','2019-09-18 16:39:33','2013-08-20 10:23:24'),(138,'Miller','Braun','emmerich.camilla@yahoo.com','419-101-5282x758','1973-11-21 10:09:43','1974-12-24 14:35:49'),(139,'Randal','Rosenbaum','pmante@hotmail.com','584-258-1532x87958','1976-04-01 08:35:54','1976-01-01 23:59:31'),(140,'Shaniya','Franecki','cassin.zula@hotmail.com','513-928-2290','1975-07-14 12:11:41','1981-12-24 12:06:29'),(141,'Tressa','Lesch','braulio.botsford@hotmail.com','1-020-578-2841x29572','1974-03-28 15:40:48','1977-08-03 21:42:31'),(142,'Aurelia','Ruecker','maximilian36@hotmail.com','+47(1)6002327324','2015-02-06 19:32:17','2009-11-26 03:32:13'),(143,'Robin','Ernser','jovanny.heaney@hotmail.com','(247)317-3936','2009-12-26 12:34:22','2018-02-03 08:26:34'),(144,'Verda','Bernhard','vaughn44@yahoo.com','1-903-177-9392x12969','1989-12-26 15:31:22','2016-07-05 01:34:13'),(145,'Cali','Morissette','zlindgren@yahoo.com','07070586184','1997-11-09 11:42:55','1998-06-10 02:57:06'),(146,'Chanelle','Hoeger','kflatley@hotmail.com','05620630222','2006-01-11 18:18:53','2013-08-07 07:36:07'),(147,'Mona','Hagenes','egutmann@yahoo.com','(219)478-2950','1971-11-29 16:50:47','2019-08-27 12:51:10'),(148,'Holly','Littel','lisa30@gmail.com','1-706-865-2057','2000-12-06 18:25:21','1973-04-25 15:46:15'),(149,'Trycia','Medhurst','horacio34@hotmail.com','418-090-1161','2009-09-05 08:26:24','1996-01-26 14:06:13'),(150,'Keagan','Lebsack','reid99@gmail.com','1-398-795-6754x8955','1991-10-12 12:26:44','2007-02-17 06:29:25'),(151,'Marcel','Carter','abe89@yahoo.com','(986)527-2166','1975-08-07 22:15:58','1998-05-13 23:06:58'),(152,'Devonte','Windler','grant.remington@hotmail.com','(295)409-7070x32430','1975-08-17 07:56:47','1996-11-25 14:34:49'),(153,'Jordon','Stoltenberg','price.cristal@hotmail.com','192-633-9479','1976-02-04 18:13:41','1992-12-19 00:41:48'),(154,'Eduardo','Kerluke','schinner.percy@hotmail.com','160.973.2467','1986-07-08 00:05:40','1999-10-01 13:01:42'),(155,'Arlene','O\'Hara','kovacek.westley@gmail.com','823.596.8570x6963','1984-12-11 13:20:42','1995-10-03 23:11:26'),(156,'Amparo','Morar','elwyn29@hotmail.com','1-573-829-9004x694','2018-10-31 22:32:12','2003-08-29 04:50:16'),(157,'Terence','Donnelly','riley.bartoletti@gmail.com','811-383-7872x135','2001-10-26 12:22:32','1989-08-14 21:19:42'),(158,'Arno','Emmerich','itromp@hotmail.com','+69(4)2353591050','2005-11-10 00:10:55','2007-02-09 21:51:35'),(159,'Clara','Ernser','grippin@hotmail.com','166-094-0604x66686','1986-04-01 11:13:55','2000-03-07 16:53:22'),(160,'Graham','Ernser','wava.ondricka@hotmail.com','1-087-384-2028x3925','1985-01-23 23:21:49','1975-12-20 12:07:13'),(161,'Einar','Eichmann','nadia01@hotmail.com','1-738-825-2726x336','2018-12-16 17:04:57','1976-09-29 03:18:31'),(162,'Elnora','Schmitt','herzog.kiley@hotmail.com','956.510.0798x8439','1994-03-03 13:28:22','2008-11-12 05:31:40'),(163,'Wendy','Labadie','grover.keebler@gmail.com','(877)311-1398x5183','1978-11-23 06:58:04','2011-05-04 14:44:07'),(164,'Vesta','Gutkowski','rtillman@hotmail.com','1-344-960-3713','1985-09-08 15:12:02','2014-07-10 05:06:42'),(165,'Dana','Gleichner','o\'reilly.leola@hotmail.com','942.352.2151','1997-01-26 09:11:31','1985-07-20 16:14:25'),(166,'Elta','Feest','dietrich.lazaro@hotmail.com','704-763-7109','2011-05-14 19:30:54','2016-05-25 17:15:03'),(167,'Lucius','Moen','dillan.grant@hotmail.com','+14(1)6845010075','1977-11-17 07:46:57','1986-07-27 23:41:07'),(168,'Zena','Casper','mia91@yahoo.com','(337)673-7736','2014-01-28 04:07:15','1972-07-03 02:00:27'),(169,'Kaden','Rempel','joaquin.goyette@hotmail.com','248.004.7354','1997-09-22 04:39:05','1989-10-11 23:33:02'),(170,'Tess','West','richmond14@gmail.com','(590)324-4169','1970-12-23 05:24:58','2010-08-25 09:19:12'),(171,'Fausto','Miller','manley16@yahoo.com','1-928-047-6063x9340','1990-10-03 05:31:27','1987-06-19 02:23:03'),(172,'Abdullah','Hyatt','haley.rowena@hotmail.com','963-654-4282x5374','1999-06-04 23:48:36','1996-10-22 17:21:31'),(173,'Theodora','D\'Amore','destini.parker@gmail.com','346.875.1843x03092','1980-03-11 07:31:28','1993-01-13 09:31:48'),(174,'Anderson','Goyette','ayana83@gmail.com','151.007.4765x526','1971-03-28 04:35:14','1987-11-25 16:14:34'),(175,'Lyric','Wunsch','fklein@gmail.com','1-010-982-0198x54575','1998-06-23 18:00:58','1998-02-19 14:39:34'),(176,'Douglas','Botsford','macejkovic.gennaro@yahoo.com','1-172-474-5443x4852','1975-09-21 17:08:49','1973-07-07 01:09:40'),(177,'Polly','Rolfson','leta70@hotmail.com','+34(7)9628009261','1973-03-23 17:04:15','2009-10-21 11:09:17'),(178,'Desiree','DuBuque','spencer.alana@yahoo.com','461.559.2708','2007-06-17 03:13:35','1983-07-27 05:46:20'),(179,'Vicenta','Toy','laurence34@hotmail.com','942-302-8916x11738','2009-08-09 03:14:24','1998-07-23 07:18:10'),(180,'Natalie','Donnelly','daphne.carter@hotmail.com','227-488-7068','1991-07-10 07:36:20','2019-05-22 22:31:24'),(181,'Carleton','Schimmel','elfrieda03@gmail.com','1-236-731-2825','2005-05-17 05:10:35','1984-01-28 22:01:43'),(182,'Santiago','Satterfield','ebert.keira@gmail.com','1-476-438-2572x13468','1997-09-26 15:13:43','1984-02-12 00:42:56'),(183,'Price','Mosciski','amalia26@hotmail.com','1-947-076-8342','1986-10-25 16:36:43','2011-04-05 21:05:14'),(184,'Henri','Abbott','freida81@hotmail.com','837.713.8764x9397','1985-09-10 07:41:14','2015-02-21 20:43:40'),(185,'Charley','Spinka','russel.jade@hotmail.com','145.662.1210','1984-09-30 14:42:05','1979-08-18 20:01:00'),(186,'Jarrod','Kuphal','blick.fabian@yahoo.com','396.170.0139','2008-05-07 08:40:10','2002-12-15 15:14:41'),(187,'Parker','Denesik','wgulgowski@hotmail.com','01086707537','2010-02-08 21:06:49','1994-08-15 21:30:55'),(188,'Delbert','Schroeder','lazaro05@hotmail.com','1-925-288-1261x4625','1992-08-18 03:17:47','2003-08-04 02:35:41'),(189,'Kaden','Roberts','ywhite@gmail.com','+72(3)1251117480','2019-04-12 11:41:11','1988-09-11 03:25:14'),(190,'Jordan','Homenick','xhartmann@yahoo.com','538-895-6135x910','1978-04-16 22:14:45','1975-08-20 16:22:40'),(191,'Demarcus','Murphy','ttrantow@gmail.com','08413139633','1986-02-26 14:03:48','1981-03-21 14:14:06'),(192,'Leanne','Lindgren','ebba.ziemann@gmail.com','389.564.3448x1524','2014-11-09 11:32:50','2000-12-31 07:42:20'),(193,'Elaina','Lesch','wolff.destany@yahoo.com','529.188.9712x13530','1977-08-29 22:37:06','1978-09-19 05:29:15'),(194,'Levi','Yundt','lempi42@hotmail.com','303-511-5727x4668','1999-05-04 17:37:02','1976-02-29 19:36:35'),(195,'Dena','Hickle','isac16@gmail.com','211.953.7606x065','2007-08-30 11:28:06','2000-12-28 04:36:41'),(196,'Noemie','Mitchell','ondricka.steve@gmail.com','999-373-8280x66618','2014-07-24 11:00:28','2005-01-24 02:03:49'),(197,'Garnett','Harvey','botsford.baylee@gmail.com','(962)680-4146','1973-07-25 10:12:40','2019-06-24 11:03:18'),(198,'Ed','Towne','christophe.koss@yahoo.com','489-046-0564','1992-10-29 10:43:00','2016-02-14 01:42:48'),(199,'Rosemary','Schmidt','homenick.liliana@hotmail.com','800.425.2264x48377','1986-07-04 19:32:39','1978-04-25 18:19:04'),(200,'Joanne','Wolff','kattie.jerde@gmail.com','+69(4)1857624108','1982-02-06 01:12:55','2001-06-10 23:50:08');
/*!40000 ALTER TABLE `users` ENABLE KEYS */;
UNLOCK TABLES;
/*!40103 SET TIME_ZONE=@OLD_TIME_ZONE */;

/*!40101 SET SQL_MODE=@OLD_SQL_MODE */;
/*!40014 SET FOREIGN_KEY_CHECKS=@OLD_FOREIGN_KEY_CHECKS */;
/*!40014 SET UNIQUE_CHECKS=@OLD_UNIQUE_CHECKS */;
/*!40101 SET CHARACTER_SET_CLIENT=@OLD_CHARACTER_SET_CLIENT */;
/*!40101 SET CHARACTER_SET_RESULTS=@OLD_CHARACTER_SET_RESULTS */;
/*!40101 SET COLLATION_CONNECTION=@OLD_COLLATION_CONNECTION */;
/*!40111 SET SQL_NOTES=@OLD_SQL_NOTES */;

-- Dump completed on 2020-01-09 20:51:06
